idx,type,a1,v1,a2,v2,Ra,Rv,rest,d1,dR
0,DNp01,0.0,0.0,-4.3043565e-05,2.23282e-06,-0.00035513192,0.00020627677,0.042363673,0.0,-0.0005614087
4,DNp01,0.0,0.0,-5.766773e-05,1.0809329e-05,-0.00035636127,0.0001982972,0.04712715,0.0,-0.0005546585
16,DNp18,0.0,0.0,5.3970657e-06,-2.6432754e-05,-5.5976212e-05,-0.0001347214,0.05638776,0.0,7.8745186e-05
17,pIP1,0.0,0.0,0.00038561042,-0.0007332597,0.0027643964,-0.002790913,0.044909894,0.0,0.0055553094
20,DNg56,0.0,0.0,-3.1237734e-05,-4.079633e-06,0.00013582408,-0.00016608089,0.049169756,0.0,0.00030190498
24,pIP1,0.0,0.0,0.00042826997,-0.00068290124,0.0025543272,-0.0025553107,0.050646424,0.0,0.005109638
30,DNg100,0.0,0.0,0.00028149365,-5.1098177e-05,0.0014858562,-0.00042608753,0.024394687,0.0,0.0019119438
32,DNp18,0.0,0.0,-7.79738e-05,-4.201171e-05,-0.000112995505,-0.00023454428,0.033361666,0.0,0.00012154877
34,DNpe013,0.0,0.0,2.166649e-05,3.1307594e-05,0.00066297874,-0.00011506304,0.037824016,0.0,0.0007780418
35,DNg100,0.0,0.0,0.0003050404,-4.9427308e-05,0.0015177503,-0.0004006438,0.023111887,0.0,0.0019183941
37,DNp20,0.0,0.0,0.0,0.0,0.00024548173,-0.0001924783,0.05446464,0.0,0.00043796003
38,DNp27,0.0,0.0,-0.00040902183,-1.5750424e-05,0.0002619028,8.517504e-05,0.053027377,0.0,0.00017672777
39,DNb05,-0.0017729544,0.0,-0.00047250808,4.9859234e-05,-0.0008681193,4.6655536e-05,0.054696694,-0.0017729544,-0.00091477484
41,DNp30,0.0,0.0,0.000200327,-0.0002551963,0.00091303885,-0.0010074675,0.05376803,0.0,0.0019205064
58,aSP22,0.0,0.0,0.00040739003,-0.0008313373,0.001320485,-0.0013878979,0.05125493,0.0,0.002708383
59,DNpe042,-0.0010686447,0.0,-0.00016786702,0.00015390266,-0.0009985939,0.00042336434,0.035445847,-0.0010686447,-0.0014219582
67,aSP22,0.0,0.0,0.00019160079,-0.00035110954,0.0008994825,-0.0009755045,0.043569263,0.0,0.001874987
68,DNp11,0.0,0.0,2.8420069e-05,-1.3886983e-06,0.00011273846,4.2527914e-05,0.046673514,0.0,7.0210546e-05
76,DNp02,0.0,0.0,-3.1951487e-05,0.0,-0.00024262816,3.0770898e-05,0.04440514,0.0,-0.00027339906
77,DNb05,-0.0016724273,0.0,-0.00019187643,7.860792e-05,-0.00050965697,3.0264258e-05,0.05709754,-0.0016724273,-0.0005399212
81,DNg30,0.0,0.0,2.4260693e-05,-2.6564433e-06,4.033558e-05,-2.1121465e-05,0.015351353,0.0,6.1457045e-05
82,DNg105,0.0,0.0,-1.8860665e-05,-3.343799e-05,-0.00014930218,-0.0003671758,0.04794275,0.0,0.0002178736
88,DNg74_a,0.0,0.0,8.5360916e-05,0.00014757071,-0.00078255683,0.00060417503,0.031825505,0.0,-0.0013867319
91,DNge031,0.0,0.0,-1.1099804e-05,1.2871817e-05,0.00017684698,-0.0008148104,0.06376138,0.0,0.0009916574
97,DNg15,0.0,0.0,2.8842287e-05,-4.118722e-06,2.8006732e-05,-5.7138503e-05,0.04868325,0.0,8.5145235e-05
99,DNp30,0.0,-0.0007492882,0.00011723219,-8.957404e-05,0.00083547086,-0.0008432269,0.046944484,0.0007492882,0.0016786978
107,DNge103,0.0,0.0,0.00024718037,-4.416822e-05,0.0007220283,-0.00070768595,0.06453204,0.0,0.0014297143
112,DNg90,0.0,0.0,8.042873e-06,-2.5695457e-05,0.0002875179,-0.00054769963,0.06298117,0.0,0.00083521754
114,DNp20,0.0,0.0,0.0,0.0,0.00016322732,-0.00017850846,0.04498151,0.0,0.00034173578
115,DNge036,0.0,0.0,4.6518694e-06,0.0,-9.804033e-05,0.00013719592,0.0074144173,0.0,-0.00023523625
128,DNg16,0.0,0.0,0.00023869978,-2.3148874e-05,0.0012445822,-0.000858061,0.0338855,0.0,0.0021026433
139,DNg75,0.0,0.0,0.00012531262,-2.9554707e-05,-0.00059949234,5.83753e-05,0.043156944,0.0,-0.00065786764
142,DNp29,0.0,0.0,-8.792922e-05,-0.0011642985,0.00010497868,-0.0014329255,0.03416869,0.0,0.0015379041
144,DNp02,0.0,0.0,-1.8771627e-05,0.0,-0.00012680143,-3.6880374e-06,0.046634875,0.0,-0.0001231134
158,DNge083,0.0,0.0,-0.0016451263,0.00019428303,-0.0020746887,0.001092568,0.060574077,0.0,-0.0031672567
161,DNge037,0.0,0.0,2.9875808e-05,-5.6127305e-06,0.0001293011,-1.270324e-06,0.025950678,0.0,0.00013057142
163,DNg35,0.0,0.0,-2.6804264e-05,-1.6209443e-06,-1.8566847e-05,0.0001352951,0.05160457,0.0,-0.00015386194
165,DNge037,0.0,0.0,8.679432e-06,-1.0019979e-05,7.5660646e-05,3.4928322e-05,0.029877633,0.0,4.0732324e-05
166,DNpe056,0.0,0.0,0.00031614047,-7.74167e-05,0.0007746145,-0.00031431764,0.048128635,0.0,0.0010889322
168,DNp06,0.0,0.0,-0.00023404261,2.9889209e-06,-0.0008860603,0.00047332048,0.05201439,0.0,-0.0013593808
173,DNp35,0.0,0.0,-6.0202317e-05,-5.5915834e-06,-0.00033097714,9.8496675e-05,0.0424413,0.0,-0.00042947382
175,DNg99,0.0,0.0,-1.2834675e-05,0.0,0.00015036762,-0.00015445054,0.064115465,0.0,0.00030481815
176,DNg30,0.0,0.0,1.3338555e-05,-2.3646207e-06,9.125099e-06,-4.099682e-06,0.01593197,0.0,1.3224781e-05
182,DNp55,0.0,0.0,8.588483e-05,-1.679168e-05,5.58272e-05,-9.04426e-05,0.050230257,0.0,0.0001462698
183,DNp36,0.0,0.0,0.00031595063,-0.00046549973,0.0024611354,-0.0020717978,0.067873746,0.0,0.0045329332
185,DNg74_a,0.0,0.0,7.5805656e-05,-2.233355e-05,-0.0008631088,0.0005401522,0.027285378,0.0,-0.001403261
187,DNp31,0.0,0.0,-0.0006405974,0.0005330917,-0.0014987588,0.0009216815,0.06793077,0.0,-0.0024204403
196,DNp11,0.0,0.0,-5.544772e-06,3.5476236e-07,0.0002373159,-2.0511448e-05,0.05188342,0.0,0.00025782734
199,DNp31,0.0,0.0,-0.0005793628,0.0004777083,-0.0014232546,0.0009254366,0.07423012,0.0,-0.0023486912
205,DNg108,0.0,0.0,-2.8957224e-05,4.8744936e-05,-0.0007992238,0.00051184,0.038128905,0.0,-0.0013110638
208,DNp47,0.0,0.0,-0.00016658682,7.533026e-06,0.00029230118,-0.0004804507,0.049310073,0.0,0.00077275187
209,DNg108,0.0,0.0,-2.3067862e-05,9.981325e-05,-0.0008127317,0.0005720258,0.04088456,0.0,-0.0013847575
210,DNp103,0.0,0.0,-0.0002591484,6.085754e-05,-0.00063116103,0.00038798153,0.054681443,0.0,-0.0010191426
213,DNpe053,-0.000279236,0.0,0.00035857406,6.573449e-05,-0.00017277524,-9.092316e-05,0.04317643,-0.000279236,-8.185208e-05
219,DNg34,0.018476792,0.0,-2.3399325e-06,0.0005711577,0.0071564317,0.000579834,0.20164213,0.018476792,0.0065765977
220,DNge054,0.0,0.0,0.000106487285,-3.1144988e-05,0.00068794936,-5.6646764e-05,0.051077023,0.0,0.0007445961
223,DNge050,0.0,0.0,7.007308e-05,3.399712e-05,-0.00021361932,0.00032461435,0.05110234,0.0,-0.00053823367
224,DNge041,0.0,0.0,-0.001232054,0.001668998,-0.0024480298,0.002543874,0.049187705,0.0,-0.004991904
231,DNge031,0.0,0.0,1.8767147e-05,-5.8002354e-07,0.00016161427,-0.0005472563,0.057293445,0.0,0.0007088706
245,DNg22,0.0,0.0,0.0001504584,-0.00018672731,0.0004712902,-0.00018298626,0.05050677,0.0,0.00065427646
248,DNp19,0.0,0.0,-1.47965e-06,0.0,8.1285834e-05,-5.607307e-05,0.04801622,0.0,0.0001373589
249,DNc02,0.0,0.0,-0.00011729322,0.0,-0.0003899485,0.00014307536,0.015197029,0.0,-0.00053302385
254,DNp73,0.0,0.0,-1.2325879e-06,0.0,5.1647425e-05,-0.00013557822,0.044929683,0.0,0.00018722564
258,DNa02,-0.006202175,0.0,-0.0010056234,0.0009542012,-0.0041482,0.0016175807,0.22331268,-0.006202175,-0.005765781
259,DNg40,0.0,0.0,-0.00034251864,4.4857872e-05,-0.0010770857,0.0005815178,0.044296816,0.0,-0.0016586035
263,DNp59,0.0,0.0,-0.0014131801,1.3537814e-05,-4.351139e-05,-0.00055114925,0.058740474,0.0,0.00050763786
274,DNge054,0.0,0.0,-7.2301205e-05,6.0086427e-07,0.00068071485,-0.00017786026,0.06696747,0.0,0.0008585751
276,DNa10,0.0,0.0,5.428326e-06,-4.0741983e-05,0.00037732348,-0.0008106679,0.041656613,0.0,0.0011879914
280,DNp63,0.0,0.0,6.483089e-05,2.7916629e-05,-0.000662636,0.00024927035,0.057874408,0.0,-0.00091190636
284,DNp13,0.0,0.0,0.00088911346,-0.0009356121,0.0048295557,-0.003587678,0.08350481,0.0,0.008417234
288,DNg98,0.0,0.0,0.0001900558,-8.936531e-05,0.0005455315,-0.00059092045,0.061219685,0.0,0.001136452
303,DNb09,0.0,0.0,-0.0006214034,6.6736604e-05,-0.0011935383,0.0008588731,0.046995617,0.0,-0.0020524114
306,DNde002,0.0,0.0,-0.004676543,0.0046365736,-0.0031991005,0.002201289,0.18241075,0.0,-0.0054003894
307,DNp103,0.0,0.0,-0.00027539945,7.86027e-05,-0.00043245405,0.0003264621,0.04558125,0.0,-0.00075891614
314,DNp10,0.0,0.0,-0.00036983538,4.101006e-05,-0.0003054738,1.6756356e-05,0.05230263,0.0,-0.00032223016
316,DNp10,0.0,0.0,-0.00026716554,7.24646e-06,-0.00022394955,-0.0001283735,0.05789402,0.0,-9.557605e-05
322,DNg16,0.0,0.0,0.00022443473,-1.034136e-05,0.001227051,-0.0008218065,0.032966666,0.0,0.0020488575
323,DNa01,0.0,0.0,-0.00042047573,9.4591305e-05,-0.00028849393,-0.0004676804,0.05849977,0.0,0.00017918646
324,DNge035,0.0,0.0,-1.0059223e-05,7.6556535e-06,-0.00082038343,0.0007923171,0.059142426,0.0,-0.0016127005
326,DNp73,0.0,0.0,-1.6112017e-06,0.0,0.000112220645,-0.00013022125,0.06638859,0.0,0.00024244189
327,DNge138,0.01216686,0.0,0.00057061756,-3.228432e-05,0.006265074,-0.0007403195,0.232348,0.01216686,0.0070053935
329,DNpe025,0.0,0.0,0.00013607045,0.00213874,0.0005337596,0.0023065954,0.04399699,0.0,-0.0017728359
335,DNp13,0.0,0.0,0.0011720991,-0.0010268415,0.0049998313,-0.003445357,0.087240204,0.0,0.008445188
337,DNa09,0.0,0.0,3.1140975e-05,-4.024465e-06,0.0014585406,-0.00083474815,0.046556994,0.0,0.0022932887
341,DNp08,0.0,0.0,-0.0022965576,6.8673685e-06,-0.0017517656,-0.00017174333,0.034747504,0.0,-0.0015800223
344,DNbe001,0.0,0.0,8.761882e-06,0.0,0.0001372397,-0.00011894107,0.05827181,0.0,0.00025618076
355,DNg35,0.0,0.0,-7.275945e-05,-2.1563515e-06,-0.000109136105,4.5515597e-05,0.05460123,0.0,-0.0001546517
370,DNge039,0.0,0.0,2.709248e-05,0.0,8.464046e-05,5.092658e-05,0.0083153155,0.0,3.3713877e-05
373,DNp62,0.0029445072,0.0,-3.1024197e-06,-0.00074656523,0.00019017607,-0.00046939403,0.044935405,0.0029445072,0.0006595701
375,DNg37,0.0,0.0,-1.23982545e-05,1.6478652e-05,-0.00012688339,0.00015595555,0.09195027,0.0,-0.00028283894
387,DNg74_b,0.0,0.0,-1.473187e-05,8.118203e-05,-0.00028406456,0.00023616105,0.0217705,0.0,-0.0005202256
394,DNpe017,0.0,0.0,7.619995e-05,6.603503e-05,-0.0005295053,0.0006352812,0.05980923,0.0,-0.0011647865
400,DNg37,0.0,0.0,-1.7544571e-05,1.5777588e-05,-7.69794e-05,8.21352e-05,0.08632003,0.0,-0.0001591146
401,DNg29,0.0,0.0,2.714317e-07,1.927991e-06,-7.927418e-05,1.4461577e-05,0.05618701,0.0,-9.3735754e-05
407,DNa16,0.0,0.0,-0.00018440762,0.0002447764,-0.0020159706,0.0018959194,0.07680486,0.0,-0.00391189
408,DNg88,0.0,0.0,6.4534586e-05,5.144204e-05,-0.0024243817,0.0018153116,0.08037285,0.0,-0.0042396933
412,DNg80,0.0,0.0,-2.1151654e-06,-0.00015695831,0.00038101524,-0.00010853261,0.057922743,0.0,0.00048954785
415,DNp29,0.0,0.0,0.00047377576,-0.000756217,0.00040373206,-0.00086899847,0.044120565,0.0,0.0012727305
421,DNp35,0.0,0.0,-4.03309e-05,-9.788596e-06,-0.0004486665,0.00021652132,0.05049403,0.0,-0.00066518784
424,DNp26,0.0,0.0,3.950466e-05,0.0,0.0002203472,-0.00019356608,0.043423936,0.0,0.00041391328
435,DNde002,0.0,0.0,-0.0026029998,0.0027609796,-0.0008484423,0.00090138614,0.18242377,0.0,-0.0017498285
437,DNg96,0.0,0.0,0.0001511977,-0.00017149512,0.0010853503,-0.000934748,0.022534775,0.0,0.0020200983
438,DNpe034,0.0,0.0,0.0008279788,-0.00035688834,0.0020650178,-0.0012742952,0.058683142,0.0,0.003339313
440,DNp70,-0.000819299,0.0,-0.00037778806,2.185707e-05,-0.00088879466,0.00042663515,0.04717791,-0.000819299,-0.0013154298
441,DNge040,0.0,0.0,0.0002272252,-1.5354208e-05,0.0018385574,-0.0012980327,0.060200863,0.0,0.0031365901
443,DNp06,0.0,0.0,-0.00016421729,2.6353434e-06,-0.00080418587,0.0004678741,0.05066023,0.0,-0.00127206
446,DNge011,0.0,0.0,-5.9197668e-05,0.0,-6.996095e-06,-1.7225742e-05,0.035287134,0.0,1.0229647e-05
448,DNp43,0.0,0.0,-4.1498275e-05,0.00016443936,-0.00067108124,0.000657171,0.053937495,0.0,-0.0013282523
449,DNpe052,0.0,0.0,0.00046200678,-0.00030124368,0.00071877986,-0.00035653263,0.05062066,0.0,0.0010753125
457,DNpe025,0.00059333094,0.0,1.4838273e-06,0.0012182278,0.0006112978,0.0011558533,0.05504003,0.00059333094,-0.0005445555
486,DNge059,0.0,0.0,1.0305215e-06,0.0,-0.00042834133,-0.000503242,0.104521126,0.0,7.490069e-05
492,DNp38,0.0,0.0,6.1241066e-05,1.2277048e-06,0.0004587695,-0.00018283725,0.038128108,0.0,0.00064160675
496,DNb01,0.0,0.0,0.000190798,-0.00010808781,0.0023141503,-0.0015202649,0.040215377,0.0,0.0038344152
501,DNge003,0.0,0.0,0.0,0.0,-0.0006478578,-5.811453e-06,0.12071557,0.0,-0.00064204633
502,DNp33,0.0,0.0,0.0,0.0,-5.3204596e-05,3.6910176e-05,0.039412715,0.0,-9.011477e-05
506,DNge006,0.0,0.0,-2.4868716e-05,0.0,-0.00071998686,0.00066231564,0.04629501,0.0,-0.0013823025
510,DNae009,0.0,0.0,-7.65041e-05,-5.97856e-06,0.0007016212,-0.00087908655,0.03542389,0.0,0.0015807077
512,DNp59,0.0,0.0,-0.00071935734,6.5497865e-05,-7.611513e-05,-0.0006002113,0.06014172,0.0,0.0005240962
514,DNg49,0.0,0.0,-9.126947e-06,8.47947e-06,0.00012802333,0.00022275001,0.05554776,0.0,-9.472668e-05
516,DNp48,0.0010720411,0.0,0.00080928067,-0.0003395815,0.0017784908,0.0012800694,0.04646477,0.0010720411,0.0004984215
522,DNge132,0.0,0.0,-4.7463363e-05,0.0,-9.663403e-05,1.8924475e-05,0.04481809,0.0,-0.000115558505
533,DNpe001,0.0,0.0,-0.00095750287,0.0013681212,-0.0022554249,0.0026991367,0.0772993,0.0,-0.0049545616
535,DNge036,0.0,0.0,3.619835e-06,0.0,-0.00011768751,0.00011934899,0.008576585,0.0,-0.0002370365
537,DNc02,0.0,0.0,0.0,7.253834e-06,-0.00041488186,0.00013753772,0.018294372,0.0,-0.0005524196
542,DNg102,0.0,0.0,-3.708408e-05,-0.00018189993,7.279217e-05,-0.00042131543,0.050726563,0.0,0.0004941076
543,DNb07,0.0,0.0,-0.00015179452,-5.1627405e-05,0.00093367696,-0.0007951781,0.036651656,0.0,0.0017288551
544,DNp36,0.0,0.0,0.00039016313,-0.0006393994,0.0030178875,-0.00261835,0.074651435,0.0,0.0056362376
545,DNp42,-0.021655329,0.0,-0.00021109416,0.00082303,-0.0077697635,0.0018070042,0.21774939,-0.021655329,-0.009576768
548,DNg93,0.0,0.0,-0.00011678133,0.0,-0.00015349872,6.4702705e-05,0.017011652,0.0,-0.00021820143
554,DNp62,0.0,0.0,0.0006582752,-0.00077745644,0.0004608184,-0.0013289154,0.056447,0.0,0.0017897338
556,DNpe002,0.0,0.0,-0.00018021402,-2.0308418e-05,0.0009345263,-0.00038847327,0.04008545,0.0,0.0013229996
560,DNpe056,0.0,0.0,0.000115987394,-9.540849e-05,0.00047057867,-0.0003561452,0.049969018,0.0,0.0008267239
561,DNg93,0.0,0.0,-8.368848e-05,-5.137704e-06,-7.6899305e-05,-1.666136e-05,0.020385226,0.0,-6.0237944e-05
565,DNg24,0.0,0.0,-3.433582e-06,0.0,0.0001502037,-0.00011757016,0.054950714,0.0,0.00026777387
566,DNge143,0.0,0.0,0.00012929016,3.836296e-06,0.00017657131,0.00011921674,0.03843221,0.0,5.735457e-05
574,DNp03,0.0,0.0,-1.0366058e-05,8.726071e-07,0.00040748715,8.4519386e-05,0.049083948,0.0,0.00032296777
580,DNb01,0.0,0.0,0.00022823633,2.670062e-05,0.0024631247,-0.0011111274,0.046436474,0.0,0.0035742521
581,DNa01,0.0,0.0,-0.00017186259,5.374738e-05,0.00027102232,-0.0003145188,0.05160845,0.0,0.00058554113
582,MDN,-0.0015515904,0.0023273856,-0.003654105,0.0006802285,-0.011084646,0.0074957013,0.22653568,-0.003878976,-0.018580347
584,pMP2,0.0,-0.0008194802,-3.8413476e-05,-0.00045274882,0.0029749125,-0.002887532,0.0783152,0.0008194802,0.0058624446
589,DNp23,0.0,0.0,-0.00048471696,-2.2115177e-05,-0.00072048604,2.8271228e-05,0.043270476,0.0,-0.0007487573
600,DNp09,0.0,0.0,-8.788514e-05,-4.008138e-05,0.00025560707,-0.00016088039,0.034840725,0.0,0.00041648746
614,DNbe007,0.0,0.0,-0.00086591707,0.00015601712,-0.0007068962,-0.0006737113,0.071808636,0.0,-3.3184886e-05
619,DNb02,0.0,0.0,-1.2507152e-06,-5.481006e-06,0.00079505146,-0.00031724572,0.065827936,0.0,0.0011122972
622,DNp66,0.0,0.0,0.0002485117,-0.00015749496,0.00046803802,-0.0006708801,0.034787692,0.0,0.0011389181
625,DNp43,0.0,0.0,3.390824e-05,2.3485427e-05,-0.00057567656,0.00038816035,0.06342362,0.0,-0.0009638369
632,DNge047,0.0,0.0,-0.0003952748,9.3506795e-05,-0.0007621497,0.00037768483,0.06558257,0.0,-0.0011398345
633,DNp48,0.0,0.0,0.000849545,-0.00046423275,0.0012167096,0.00075115263,0.042513378,0.0,0.00046555698
641,DNge062,0.0,0.0,1.6391718e-05,0.0,-0.0008776933,4.784763e-05,0.09963,0.0,-0.0009255409
642,DNpe013,0.0,0.0,-6.953312e-06,-7.1156177e-07,0.00029043108,-9.6298754e-05,0.03661304,0.0,0.00038672984
644,DNa15,0.0,0.0,-0.0002358067,0.0002505551,-0.0023308247,0.002076596,0.07219689,0.0,-0.0044074208
645,DNde005,0.0,0.0020311442,-0.003467299,0.0032189947,-0.0025130808,0.0031101406,0.1962125,-0.0020311442,-0.0056232214
648,CB0429,0.0065439674,0.0,-0.0003529125,0.00010210125,0.0024395883,-0.00019305944,0.18042514,0.0065439674,0.0026326478
649,DNge053,-0.0018641413,0.0,-0.0005922819,-0.00052771217,-0.0022019371,-1.3500452e-05,0.06288512,-0.0018641413,-0.0021884367
650,DNge107,0.0,0.0,9.24568e-06,0.0,0.0010430068,-0.000587713,0.0554047,0.0,0.0016307198
654,DNge049,0.0,0.0,-2.2827904e-05,-1.1079648e-05,-0.00041168183,3.232807e-05,0.05086471,0.0,-0.0004440099
656,DNge129,0.0,0.0,-3.6520563e-05,-4.633661e-06,-0.0008337125,0.00058128685,0.036217257,0.0,-0.0014149994
667,DNg39,0.0,0.0,0.00012208436,-1.7721419e-06,0.00042454898,-0.00015152991,0.08661106,0.0,0.0005760789
677,DNa15,0.0,0.0,-0.00017272028,0.0002635219,-0.0018939525,0.0008749515,0.066548645,0.0,-0.002768904
678,DNg88,0.0,0.0,8.6443586e-05,6.835871e-05,-0.0025335997,0.0014268905,0.09096542,0.0,-0.00396049
681,DNb06,0.0,0.0,0.0,0.0,-0.00020313263,4.2185187e-05,0.051161088,0.0,-0.00024531782
684,DNg90,0.0,0.0,0.000113364964,9.2471164e-05,0.00057860464,-0.00019411743,0.071334764,0.0,0.00077272207
706,DNg40,0.0,0.0,-0.00025449158,1.2480054e-05,-0.00093245506,0.00047120452,0.055369884,0.0,-0.0014036596
707,DNa04,0.0,0.0,0.00010083083,0.00012521596,4.917383e-06,0.00012557209,0.05098762,0.0,-0.0001206547
712,pMP2,0.0,0.0,0.00015024989,-0.00037835527,0.0029901713,-0.002413556,0.083574384,0.0,0.0054037273
713,DNpe045,-0.0016262197,0.0,-0.00039297141,2.0570886e-05,-0.0007195547,6.251037e-06,0.04930348,-0.0016262197,-0.00072580576
728,DNge107,0.0,0.0,2.320364e-06,0.0,0.00074019283,-0.00047471374,0.0481608,0.0,0.0012149066
732,DNp69,-0.0005033557,0.0,-0.00104213,1.5711383e-05,-0.0019135624,0.00043904036,0.059762582,-0.0005033557,-0.0023526028
734,DNg98,0.0,0.0,0.00032156892,-9.442538e-05,0.0008862689,-0.0007100031,0.061132856,0.0,0.001596272
741,DNg70,0.0,0.0,0.00012995095,-5.1880972e-05,0.00034796447,7.37533e-05,0.03858856,0.0,0.00027421117
742,DNp34,0.0,0.0,-0.00023769317,-2.6405287e-05,0.0005922243,-0.00085242465,0.050377965,0.0,0.001444649
745,DNa11,0.0,0.0,-0.0011344022,0.00021730646,-0.004058484,0.0013856143,0.059583396,0.0,-0.0054440983
748,DNa03,-0.012264825,0.008454394,-0.0052446853,0.0033381945,-0.017475635,0.0127746165,0.19218698,-0.020719219,-0.030250251
749,DNge146,0.0,0.0,1.1539725e-05,3.0629885e-06,-7.8552635e-05,0.00015394087,0.0038464128,0.0,-0.0002324935
752,DNge103,0.0,0.0,0.00015451707,-5.8047288e-05,0.0012644641,-0.0009752847,0.06165493,0.0,0.0022397488
757,DNbe004,0.0,0.0,-0.00013917073,-1.2489659e-06,0.00050828606,-0.00056682527,0.037685297,0.0,0.0010751113
761,DNp03,0.0,0.0,-1.2257309e-05,7.01073e-07,0.0001738146,0.00013200939,0.04792869,0.0,4.1805208e-05
771,DNae002,0.0,0.0,0.00014752928,-5.4670104e-06,0.0010904483,-0.0010444596,0.04493979,0.0,0.002134908
774,DNge129,0.0,0.0,-8.299131e-05,7.9167716e-05,-0.0009127036,0.00082772225,0.038651824,0.0,-0.0017404258
785,DNp05,0.0,0.0,-6.660485e-05,0.0,0.00047062337,-0.00032328814,0.04486584,0.0,0.0007939115
791,DNb09,0.0,0.0,-0.00054744177,4.1900665e-05,-0.0014740825,0.0005510822,0.048023902,0.0,-0.0020251647
796,DNg80,0.0,0.0,0.00023664469,-0.00019803396,0.0006391704,-0.00014629215,0.05946453,0.0,0.00078546256
803,DNge068,0.0,0.0,6.342324e-07,-1.0441384e-05,-0.0004785508,0.00016188622,0.06753105,0.0,-0.000640437
811,DNbe004,0.0,0.0,-0.00014243227,-1.1340169e-05,0.00051176175,-0.0005611591,0.038670566,0.0,0.0010729209
814,DNge032,0.0,0.0,-0.0003767475,0.0,7.3224306e-05,-0.00013433397,0.05074899,0.0,0.00020755827
816,DNp14,0.0,0.0,-0.00016928535,-4.5717487e-05,-4.056096e-05,0.00026575476,0.04572223,0.0,-0.00030631572
817,DNa13,-0.0036868528,0.0,-0.0037905448,0.0035235109,-0.011628687,0.008983046,0.19602403,-0.0036868528,-0.020611733
818,DNb06,0.0,0.0,0.0,0.0,-5.352497e-05,-2.8502196e-05,0.018258631,0.0,-2.5022775e-05
820,DNp12,0.0,0.0,0.00019051875,0.0,0.00025174022,1.7657876e-06,0.04136119,0.0,0.00024997443
821,DNg13,0.0064615384,0.0,0.0001803625,-5.136282e-05,0.0037491322,-0.0018727779,0.20100352,0.0064615384,0.00562191
822,DNg99,0.0,0.0,-2.8773566e-06,0.0,0.00017479062,-0.00016233325,0.070877954,0.0,0.00033712387
825,DNg96,0.0,0.0,9.118684e-05,-0.00018038628,0.0013295971,-0.00125557,0.030253217,0.0,0.002585167
831,DNp55,0.0,0.0,0.00015286944,-3.2176486e-05,0.00029265136,-0.00025277585,0.0553865,0.0,0.0005454272
838,DNge067,0.0,0.0,0.00010217404,0.0,-0.0001128912,0.00017404556,0.070939615,0.0,-0.00028693676
839,DNg78,0.0,0.0,-5.8900114e-05,0.0,-0.00027010962,6.039068e-05,0.026187722,0.0,-0.0003305003
842,DNge141,0.0035056968,0.0,4.2347227e-05,-1.3846111e-06,0.0015604906,-9.106845e-05,0.05232314,0.0035056968,0.001651559
846,DNbe003,0.0,0.0010137581,0.00012430496,-8.604897e-05,0.0023574922,-0.0012655649,0.021758204,-0.0010137581,0.0036230572
849,pIP10,0.0,0.0,0.00074556394,-0.00063885056,0.003751345,-0.0038079694,0.07078674,0.0,0.0075593144
854,DNp52,-0.017819706,0.01624738,-0.0037074878,0.0014871091,-0.009157479,0.0074891746,0.16299155,-0.034067087,-0.016646653
860,DNge059,0.0,0.0,1.4788999e-06,0.0,-0.00056809187,-0.0007328689,0.13447034,0.0,0.00016477704
863,DNg70,0.0,0.0,6.803831e-05,-6.73896e-05,0.00025641918,1.2025237e-05,0.04058823,0.0,0.00024439394
864,DNp70,-0.00042753314,0.0,-0.00043535422,1.799985e-05,-0.0007116161,0.0003469549,0.051070627,-0.00042753314,-0.001058571
868,DNp04,0.0,0.0,-4.385427e-06,0.0,-0.00011435151,4.080683e-05,0.03776805,0.0,-0.00015515834
882,DNge026,0.0,0.0,-0.00014479566,4.643625e-05,0.00026202202,-0.00011522323,0.046299726,0.0,0.00037724525
883,DNp71,-0.0032877661,0.0,-0.000101801525,0.00011524594,-0.0016696006,0.00058571994,0.047139496,-0.0032877661,-0.0022553205
884,DNd02,0.0,0.0,-0.0003785333,-4.8395327e-06,8.584559e-05,-0.00041796267,0.06327139,0.0,0.00050380826
894,DNg32,0.0,0.0,0.0,2.7774324e-06,0.00021811575,-0.00015672296,0.046044663,0.0,0.0003748387
895,DNg103,0.0,0.0,0.00063927704,-0.00094469654,5.760789e-05,-0.0010675341,0.053909972,0.0,0.001125142
899,DNp09,0.0,0.0,9.300819e-05,2.5095542e-05,-4.0210783e-05,0.00026239455,0.047112487,0.0,-0.00030260533
901,DNge051,0.0,0.0,0.0,0.0,-0.00033661723,-0.0003901124,0.12681168,0.0,5.349517e-05
903,DNp101,0.0,0.0,-1.40813945e-05,-0.00056983705,0.0015627816,-0.0023056343,0.05482322,0.0,0.003868416
918,DNg19,0.0,0.0,0.00051770255,-0.00018405727,0.0024042614,-0.00088459253,0.02661945,0.0,0.003288854
921,DNpe007,0.0,0.0,0.0,0.0,7.160317e-11,7.535306e-12,1.4026758e-08,0.0,6.406786e-11
923,DNp49,0.0,0.0,-0.000587558,0.0,-0.0009172708,0.00070407987,0.056921177,0.0,-0.0016213506
931,DNp15,0.0,0.0,-7.565451e-05,3.5305096e-05,0.0002403073,-0.00024892017,0.033303734,0.0,0.0004892275
937,DNg111,0.0,0.0,0.0006976522,-0.00033452397,0.001665812,-0.0017660782,0.03261104,0.0,0.0034318902
938,DNg79,0.0,0.0,-4.1603496e-05,0.0,-7.287413e-05,-2.7187169e-05,0.04667797,0.0,-4.568696e-05
946,DNde003,0.010126582,0.0,-0.0019738364,0.0013746826,0.0003748685,0.0025871322,0.045854114,0.010126582,-0.0022122636
947,DNa11,0.0,0.0,-0.0006122743,0.00021445316,-0.003293544,0.0017558262,0.052727543,0.0,-0.00504937
955,DNge143,0.0,0.0,0.00012334702,3.1131299e-06,0.00011834502,8.041412e-05,0.0437366,0.0,3.7930906e-05
960,DNbe006,0.0,0.0,-9.811468e-05,0.0003762195,0.002873538,-0.0027190968,0.029169032,0.0,0.005592635
965,DNpe043,-0.0020300446,0.0,0.00052987196,3.480532e-05,-0.0004132241,-0.00015231967,0.041820176,-0.0020300446,-0.00026090443
969,DNge040,0.0,0.0,0.00029758207,1.70838e-05,0.0022162646,-0.0012173355,0.06952891,0.0,0.0034336
970,DNp45,0.0,0.0,0.00026351397,-0.00010232111,0.00050955266,-0.0002696514,0.055609748,0.0,0.00077920407
971,DNd05,0.0,0.0,-0.00021445552,-1.1007922e-05,-0.00010642409,-0.000255391,0.038083278,0.0,0.00014896691
972,DNp68,0.007746716,0.0,-0.0003745946,-0.00034849928,0.0024388433,-0.0007291436,0.20977256,0.007746716,0.0031679869
973,DNp54,0.0009992006,0.0,-0.0009046456,0.00030739023,0.00024725497,-0.00082810223,0.055417947,0.0009992006,0.0010753572
996,MDN,-0.0015971606,0.0,-0.0053214245,0.0018311983,-0.013257831,0.0083318055,0.23336735,-0.0015971606,-0.021589637
998,DNp66,0.0,0.0,0.00013846676,-0.000121495556,0.00016966462,-0.00053301454,0.053968742,0.0,0.00070267916
1004,DNbe003,0.0,0.0016708438,0.00020205973,-0.00010175621,0.0024795197,-0.000825122,0.02731932,-0.0016708438,0.0033046417
1005,DNp49,0.0,0.0,-0.00045617012,0.0,-0.00093191117,0.0007818565,0.061430365,0.0,-0.0017137676
1009,DNg104,0.061452515,0.0,-0.00097363925,-0.001281754,0.021460265,-0.0010694861,0.20246953,0.061452515,0.022529751
1011,DNge042,0.0,0.0,1.5645883e-05,0.0,-0.0002783537,-0.00091294944,0.09090702,0.0,0.00063459575
1016,DNge048,0.0,0.0,-4.982757e-05,-1.4513294e-05,-0.0006048903,0.0005573109,0.052275427,0.0,-0.0011622012
1019,DNae003,0.0,0.0,2.1694716e-05,-1.1097135e-05,0.0008197054,-0.00038427114,0.059484683,0.0,0.0012039766
1036,MDN,-0.0009079354,0.0009079354,-0.0049889516,0.0014764521,-0.012227774,0.008463919,0.22613508,-0.0018158708,-0.020691693
1038,DNpe045,-0.0024390244,0.0,-0.00029727077,-8.2452825e-06,-0.0010425597,6.4991415e-05,0.05920171,-0.0024390244,-0.0011075512
1054,DNge027,0.0,0.0,0.00018346198,1.3541958e-06,0.00037469715,0.00031900033,0.030279297,0.0,5.5696815e-05
1064,DNbe007,-0.00059031876,0.0,-0.0008570981,0.00021094478,-0.0019493699,-0.00018174946,0.07503599,-0.00059031876,-0.0017676204
1067,DNc01,0.0,0.0,-2.5601865e-05,0.0,-0.00033034012,4.3991953e-05,0.027488157,0.0,-0.00037433207
1071,DNp102,0.0,0.0,-0.00024307748,2.76385e-05,-0.00021247566,0.0002854839,0.050394736,0.0,-0.00049795955
1072,DNg60,0.0,0.0,-0.0009927772,6.5987246e-05,-0.0020883232,-0.00013835728,0.0967447,0.0,-0.001949966
1078,DNp14,0.0,0.0,-0.00020911777,-5.571338e-05,-0.00025879592,0.00038122386,0.050965257,0.0,-0.0006400198
1089,DNa08,0.0,0.0,0.00018892418,-0.00010871109,0.0006701052,-0.0006976761,0.044848718,0.0,0.0013677813
1105,DNpe023,-0.005103411,0.0,-0.0063817753,0.003176326,-0.015310645,0.0075176954,0.18045297,-0.005103411,-0.02282834
1106,DNg31,0.0,0.0,0.00024504637,-5.63447e-06,0.00085143745,-0.001259312,0.06861864,0.0,0.0021107495
1114,DNge141,0.0,0.0,3.0031317e-05,4.185705e-06,0.00016248599,-8.162856e-05,0.04626418,0.0,0.00024411455
1115,DNge048,0.0,0.0,-4.3233034e-05,3.4678298e-05,-0.00038953125,0.00051315874,0.045869656,0.0,-0.00090269
1118,DNge026,0.0,0.0,-4.874311e-05,1.8718018e-05,0.00017176941,-0.00039971992,0.052612595,0.0,0.00057148933
1119,CB0429,0.0044026417,0.0,8.976443e-05,4.635788e-05,0.0018397868,-0.00020486116,0.18994036,0.0044026417,0.002044648
1121,DNge101,0.0,0.0,0.0002040683,-2.5269188e-05,0.0006722063,-0.0012390614,0.07262623,0.0,0.0019112676
1130,DNp33,0.0,0.0,-2.1914726e-05,0.0,-0.00010533631,3.311783e-05,0.046237946,0.0,-0.00013845414
1148,DNge043,0.0,0.0,-3.5738565e-05,0.0,0.00021397322,-0.00035711378,0.025022939,0.0,0.000571087
1149,DNpe006,-0.004302926,0.0,0.00020597453,0.00014051021,-0.0007952936,2.9657036e-05,0.050051007,-0.004302926,-0.00082495064
1155,DNge149,0.014128728,0.0,8.3725485e-05,-0.00013545602,0.0058588386,-0.00038677454,0.21711957,0.014128728,0.006245613
1163,DNg27,0.0,0.0,0.0004117352,-4.169591e-06,0.0013241656,7.4483454e-05,0.027352188,0.0,0.0012496822
1167,DNb04,0.0,0.0,-0.00028625494,0.00022792375,-0.0011809245,0.0009762198,0.08906916,0.0,-0.0021571442
1168,DNge065,0.0,0.0,7.064397e-06,0.0,0.0005926341,-0.0003627017,0.05490052,0.0,0.0009553358
1171,DNd03,0.0,0.0,-0.0016873189,-1.0467342e-05,-0.0016076118,-0.00020892918,0.10907388,0.0,-0.0013986826
1176,DNde005,0.0,0.0,-0.003469762,0.0027859663,-0.0029965043,0.001473248,0.19787288,0.0,-0.0044697523
1184,DNge043,0.0,0.0,-4.5743152e-05,-8.89885e-07,0.0003407821,-0.00046057254,0.03335633,0.0,0.00080135465
1186,DNge132,0.0,0.0,-1.3954758e-05,0.0,-4.6797097e-05,3.9570034e-05,0.04615298,0.0,-8.636713e-05
1189,DNp54,0.0,0.0,-0.00075192854,4.2875356e-05,-0.0004839599,-0.0006715581,0.058300816,0.0,0.00018759817
1196,DNp07,0.0,0.0,-2.2745842e-05,1.25767865e-05,0.000120755285,-0.00026006252,0.057395592,0.0,0.0003808178
1209,DNg101,0.0,0.0,-0.00018492083,0.00019024355,-0.00036168844,0.00026117265,0.043056853,0.0,-0.0006228611
1219,DNge152,0.020692974,0.0,0.00038752684,-6.9966845e-06,0.007682532,0.0003040135,0.24717334,0.020692974,0.0073785186
1228,DNp63,0.0,0.0,4.2653057e-05,4.5995534e-05,-0.0008328706,0.00038131326,0.056780092,0.0,-0.0012141839
1237,DNae001,0.0,0.0,-0.00070767826,0.00101538,-0.002412632,0.0020288378,0.06585445,0.0,-0.00444147
1246,DNpe021,-0.003967569,0.0,-0.0013170739,0.00013690337,-0.0025948584,0.0006354749,0.18960333,-0.003967569,-0.0032303333
1248,DNge049,0.0,0.0,-3.1827574e-05,-2.157208e-05,-0.0005829446,0.00012777,0.052423686,0.0,-0.0007107146
1266,DNpe022,0.0,0.0,-0.0025567012,0.00070202345,-0.0027741194,0.001342982,0.06871991,0.0,-0.0041171014
1268,DNg31,0.0,0.0,6.471609e-05,3.947482e-05,0.00044171512,-0.0011385381,0.06500487,0.0,0.0015802532
1270,DNge084,0.0,0.0,3.671059e-05,0.0,0.00018922985,-1.5832484e-05,0.04822401,0.0,0.00020506233
1279,DNae007,0.0,0.0,-0.0014988855,0.0005175477,-0.0020929538,0.0011785813,0.057706874,0.0,-0.003271535
1280,DNp45,0.0,0.0,0.00025737518,-0.00011352846,0.0009778962,-0.0005590543,0.055056244,0.0,0.0015369505
1281,DNpe032,0.0,0.0,2.8904402e-05,5.79001e-06,0.00053301454,-0.00018197298,0.0755699,0.0,0.0007149875
1290,DNae005,0.0,0.0,-0.00036019413,0.00033344276,-0.0019180477,0.0005656928,0.06463556,0.0,-0.0024837404
1295,DNpe052,0.0,0.0,2.1601232e-05,-4.736699e-06,0.00042992085,-0.00031096488,0.04058592,0.0,0.00074088573
1306,DNpe006,0.0,0.0,-0.00025663298,0.0,0.000103503466,7.7061355e-05,0.05473213,0.0,2.644211e-05
1312,DNg27,0.0,0.0,0.00014448677,0.0,0.00079565495,0.00013513118,0.033574775,0.0,0.0006605238
1315,DNpe005,0.0,0.0,-0.0001361582,1.9606536e-05,-0.00025307015,8.516014e-06,0.062243164,0.0,-0.00026158616
1319,DNp24,0.0,0.0,-0.0033963458,0.0,-0.0032778494,0.00026562065,0.02612362,0.0,-0.00354347
1328,DNp68,0.013289511,0.0,-0.00091108266,-3.093809e-05,0.004379362,-0.00093343854,0.2035853,0.013289511,0.0053128004
1330,DNg26,0.0,0.0,0.00015937316,0.0,0.00016905367,0.0005749762,0.06608814,0.0,-0.00040592253
1339,DNpe031,0.0,0.0,-3.731726e-05,-1.3978994e-05,-0.00011253357,5.9582293e-05,0.055891536,0.0,-0.00017211586
1344,DNd03,0.0,0.0,-0.0011717534,-3.6739435e-05,-0.001184836,-0.00013644993,0.092934296,0.0,-0.0010483861
1354,DNp07,0.0,0.0,2.6027456e-05,1.3452303e-06,0.0002155751,-0.00019229949,0.059796922,0.0,0.00040787458
1356,DNg111,0.0,0.0,0.0012088203,-0.00041170255,0.0021000132,-0.0016151369,0.034533583,0.0,0.00371515
1361,DNg101,0.0,0.0,-5.373033e-05,5.369618e-06,-0.00015641376,-1.462549e-05,0.040580843,0.0,-0.00014178827
1370,DNp64,0.0,0.0,-0.00022105634,-6.239113e-05,-0.00025226176,3.810972e-05,0.056382656,0.0,-0.00029037148
1381,DNge073,0.0,0.0,-4.99257e-05,-2.3651066e-06,7.403642e-05,0.00013471022,0.04655496,0.0,-6.0673803e-05
1382,DNde007,0.0,0.0,0.00034463074,-0.0008678761,0.0010913573,0.00085046515,0.050522912,0.0,0.00024089217
1385,DNp104,0.0,0.0,-0.00013367203,9.10256e-05,-0.00024403632,0.0001604408,0.069564536,0.0,-0.00040447712
1406,DNge142,0.0,0.0,-5.155089e-05,-0.0003941639,-0.00015243888,-6.763637e-05,0.039616056,0.0,-8.480251e-05
1410,DNae010,0.0,0.0,9.463687e-05,1.5476022e-05,-0.00029830635,0.00022928417,0.05417277,0.0,-0.0005275905
1433,DNge041,0.0,0.0,-0.0010165719,0.0007538284,-0.0015632287,0.0010395423,0.04962574,0.0,-0.002602771
1445,DNa04,0.0,0.0,-6.86136e-06,0.000106486455,-0.00018629804,-0.00022686645,0.04997795,0.0,4.056841e-05
1451,DNge123,0.0,0.0,9.975346e-05,4.7486123e-05,0.0010220967,-0.0009226687,0.03405732,0.0,0.0019447654
1452,DNge075,0.0,0.0,-2.1772757e-06,0.0,0.00021660328,-9.512156e-05,0.05397027,0.0,0.00031172484
1461,DNa05,0.0,0.0,1.9162479e-05,0.0,0.00022554025,0.00017410144,0.050451186,0.0,5.143881e-05
1474,DNp102,0.0,0.0,-0.00022854036,-1.1159948e-05,-0.0003235489,0.00024341792,0.04584361,0.0,-0.00056696683
1478,,0.0,0.0,-0.000599679,-0.0016471286,-0.0006883517,1.2902543e-05,0.005720294,0.0,-0.00070125423
1483,DNpe050,0.0,0.0,-0.0003343963,-0.000102113474,0.0010115802,-0.001399152,0.040667787,0.0,0.0024107322
1494,DNp22,0.0,0.0,0.0,0.0,0.00022676587,-0.00022628158,0.051266655,0.0,0.00045304745
1497,DNae003,0.0,0.0,-2.0902407e-05,2.7295687e-06,0.0009415634,-0.0007213615,0.047559936,0.0,0.0016629249
1501,DNge023,0.0,0.0,-0.0011914254,-3.161807e-05,-0.003022343,0.0019724965,0.07074723,0.0,-0.0049948394
1508,DNge065,0.0,0.0,-3.0758198e-05,0.0,0.00043470412,-0.00037037954,0.055393048,0.0,0.00080508366
1531,DNbe005,0.0,0.0,2.4280562e-05,-4.538511e-05,0.00092396885,-0.0006627962,0.05939561,0.0,0.001586765
1544,DNd04,0.0,0.0,-0.00069025723,-0.00026655904,2.0317733e-05,-8.9630485e-05,0.045469142,0.0,0.00010994822
1555,DNpe026,-0.0038526366,0.0,-7.713063e-05,0.00047631387,-0.0018423796,0.0013524294,0.15557519,-0.0038526366,-0.003194809
1559,DNge142,0.0,0.0,-7.111341e-05,-0.0007702122,-0.00034293532,-0.00016155839,0.046959303,0.0,-0.00018137693
1561,DNg38,0.0,0.0,-8.7535576e-05,5.6324097e-05,-0.0025220811,0.00018820167,0.1331166,0.0,-0.0027102828
1565,DNae010,0.0,0.0,-8.6764965e-05,5.7068017e-05,-0.0012839288,0.000640247,0.06012649,0.0,-0.0019241758
1571,DNp57,-0.0007222824,0.0,-0.00019388601,5.1638133e-05,-0.00052341074,0.00038882345,0.044571184,-0.0007222824,-0.0009122342
1575,DNge053,-0.0010416666,0.00047348486,-0.00021955297,-0.00071915955,-0.0011392087,-0.00014607608,0.055969395,-0.0015151515,-0.0009931326
1579,DNge042,0.0,0.0,-2.6275913e-05,-9.175769e-06,-0.0005236268,-0.00047130883,0.08505449,0.0,-5.2317977e-05
1592,DNge018,0.0,0.0,7.626907e-05,-7.1017334e-06,0.00072444975,-0.0004837066,0.07555848,0.0,0.0012081563
1604,DNge099,-0.001832173,0.0,-0.00018049877,-0.0001388548,-0.0007705614,-0.00016361475,0.04851049,-0.001832173,-0.00060694665
1624,DNp101,0.0,0.0,-0.0004322748,-0.00036747436,0.00071550906,-0.0016193092,0.04817576,0.0,0.0023348182
1626,DNg91,0.0,0.0,-9.232531e-06,1.06777625e-05,-2.8721988e-05,0.0005450584,0.058151323,0.0,-0.0005737804
1634,DNg38,0.0,0.0,-0.00010914967,1.5297222e-05,-0.0014408529,-0.00029072165,0.13370076,0.0,-0.0011501312
1635,DNge135,0.0,0.0,-0.0009818401,0.00010271984,-0.003207326,0.002301298,0.045959294,0.0,-0.005508624
1638,DNg102,0.0,0.0,-6.9169015e-05,-8.7186745e-05,0.00021487474,-0.00048259646,0.0478554,0.0,0.0006974712
1639,DNb08,0.0012915725,0.0,0.00015512414,0.00032145964,0.0016821362,-0.000842344,0.042623926,0.0012915725,0.0025244802
1660,DNp15,0.0,0.0,-9.539051e-05,6.314344e-05,1.5705824e-05,-0.00024637766,0.02489514,0.0,0.0002620835
1666,DNb08,0.002124329,0.0,0.00033820458,0.0001157278,0.0022845492,-0.0010051653,0.03876122,0.002124329,0.0032897145
1673,DNge136,0.0,0.0,0.00024064843,-7.462218e-05,0.00047686696,-0.00037236512,0.0560515,0.0,0.0008492321
1676,DNde006,0.0,0.0,-0.0004939202,0.0,0.000114649534,1.44168735e-05,0.05317585,0.0,0.00010023266
1679,DNge027,0.0,0.0,0.0002499265,0.0,0.00042989105,0.00045326352,0.041377023,0.0,-2.3372471e-05
1685,DNp38,0.0,0.0,4.646519e-05,0.0,0.00054606795,-0.00022793561,0.038878493,0.0,0.00077400357
1709,DNbe005,0.0,0.0,4.6960624e-05,-2.0192823e-05,0.00086382776,-0.00064908713,0.05174095,0.0,0.0015129149
1710,DNp58,0.0,0.0,0.00040744268,-5.4044317e-06,0.000662528,0.00037704408,0.034542114,0.0,0.0002854839
1712,DNg102,0.0,0.0,-0.0010392242,-0.00020831054,-0.0011747256,-0.00022752583,0.040642112,0.0,-0.00094719976
1723,DNge138,0.020261219,0.0,0.00025346482,-1.7985323e-05,0.009125471,-0.0008902252,0.23757228,0.020261219,0.010015696
1739,DNg87,0.0,0.0,7.4932404e-06,0.0,-0.0001320988,6.879866e-05,0.04385948,0.0,-0.00020089746
1740,DNge044,0.0,0.0,1.7852828e-05,0.0,6.3795596e-05,0.00010525435,0.023279034,0.0,-4.1458756e-05
1744,DNge099,-0.0011815676,0.0,-0.00022535223,-9.166904e-05,-0.0009283908,0.00023942441,0.050294444,-0.0011815676,-0.0011678152
1746,DNpe050,0.0,0.0,-8.4184394e-05,-6.405713e-05,0.0009498596,-0.0011656508,0.043636322,0.0,0.0021155104
1748,DNpe031,0.0,0.0,2.8595216e-05,-9.48038e-06,-6.878376e-05,3.518164e-05,0.06317632,0.0,-0.0001039654
1757,DNg84,0.0,0.0,4.6055007e-05,0.0,0.00014524907,-8.212775e-05,0.045661613,0.0,0.00022737682
1758,DNb08,0.0028809218,0.0,3.961221e-05,0.0002629533,0.0021053255,-0.0012093335,0.038876586,0.0028809218,0.003314659
1773,DNg68,0.0,0.0,-8.705301e-06,4.324669e-07,-7.666275e-05,8.251518e-05,0.010628991,0.0,-0.00015917793
1777,DNg109,0.0,0.0,0.00020245266,-0.0002551081,0.0012672879,-0.00093159825,0.02001211,0.0,0.0021988861
1781,DNpe031,0.0,0.0,-0.00011286374,-4.875788e-06,-0.00010100007,0.00017800182,0.05846463,0.0,-0.0002790019
1782,DNg48,0.0,0.0,0.0,0.0,-9.024888e-05,3.7506223e-05,0.04451087,0.0,-0.0001277551
1785,DNpe031,0.0,0.0,-0.0001240448,-9.97566e-06,-0.00014769286,0.00021233037,0.051528275,0.0,-0.00036002323
1786,DNpe027,0.0,0.0,-0.0016082587,0.001657286,-0.0035209358,0.0028920472,0.063329056,0.0,-0.006412983
1787,DNg14,0.0,0.0,0.0,0.0,-1.5154481e-05,-0.0006029755,0.076399505,0.0,0.000587821
1796,DNg32,0.0,0.0,0.0,1.5180297e-05,0.0006430708,-0.0005063005,0.05585826,0.0,0.0011493713
1797,DNbe002,0.0,0.0,-0.00024985094,2.6360989e-05,0.00029827654,-0.00020362437,0.07066463,0.0,0.0005019009
1804,DNg104,0.025825433,0.0,-0.0005799025,-0.0005411499,0.008645713,-0.00045976043,0.19258055,0.025825433,0.009105474
1810,DNge056,0.0,0.0,6.5723725e-05,0.0,4.134327e-05,2.330169e-05,0.025150247,0.0,1.8041581e-05
1818,DNg43,0.0,0.0,7.627384e-05,2.1904725e-05,0.0008535981,-0.00046832114,0.04571128,0.0,0.0013219193
1846,DNg68,0.0,0.0,8.037729e-05,-9.1109105e-05,-0.00013915822,4.1190535e-05,0.008162817,0.0,-0.00018034875
1848,DNp22,0.0,0.0,0.0,0.0,0.00021329522,-0.00021897629,0.037704654,0.0,0.0004322715
1849,DNg59,0.0,0.0,-1.7867975e-05,0.0,0.00010189414,-7.672608e-05,0.015791234,0.0,0.00017862022
1866,DNp67,0.0,0.0,0.00054961065,-0.0006724381,0.004747033,-0.0041473657,0.07236673,0.0,0.008894399
1887,MDN,-0.0030331754,0.0009478673,-0.0060179452,0.0020835237,-0.01307115,0.0076245368,0.2200051,-0.0039810427,-0.020695686
1900,DNpe055,0.0,0.0,-2.1971147e-05,0.00012179246,-0.000979051,0.0012206137,0.07563114,0.0,-0.0021996647
1902,DNge080,0.0,0.0,-4.594912e-05,2.8348138e-06,-0.00046619773,-0.00062558055,0.15129745,0.0,0.00015938282
1909,DNge140,0.0,0.0,5.2715583e-05,0.0,-7.484853e-05,-0.0001899898,0.07774052,0.0,0.00011514127
1912,DNge007,0.0,0.0,0.00016890187,3.2681837e-05,0.00035639852,-0.00015818328,0.10223699,0.0,0.0005145818
1919,DNg84,0.0,0.0,5.062212e-05,0.0,0.00012236089,-5.7570636e-05,0.04465834,0.0,0.00017993152
1922,DNp60,0.0,0.0,0.00049467105,-0.00049714063,0.0041384697,-0.004050344,0.08017506,0.0,0.008188814
1925,DNge001,0.0,0.0,1.3256661e-05,0.0,-0.0003142245,0.00028771535,0.025547925,0.0,-0.00060193986
1926,DNge148,0.0,0.0,-0.0002799407,0.0,-0.00022275373,0.00014886633,0.051644847,0.0,-0.00037162006
1936,DNge150,0.035775494,0.0,0.00012740311,-0.00018562563,0.0138723105,7.222593e-05,0.21031772,0.035775494,0.013800085
1938,DNge136,0.0,0.0,4.2644697e-05,-1.5229774e-05,0.00021624938,-0.0002369918,0.06208468,0.0,0.00045324117
1948,DNpe055,0.0,0.0,-0.00029960228,0.00018811747,-0.0012950897,0.0013499707,0.071695596,0.0,-0.0026450604
1949,DNge100,0.0,0.0,-5.4600845e-05,4.366487e-06,-0.00038568676,0.00011600554,0.10291861,0.0,-0.0005016923
1962,DNp67,0.0,0.0,0.00024626427,-0.0005816499,0.004035324,-0.0037066713,0.058718815,0.0,0.007741995
1969,DNbe002,0.0,0.0,-4.3983884e-05,0.0,0.0012385249,-0.0009995177,0.061538905,0.0,0.0022380427
1972,DNge124,0.0,0.0,-0.0005283986,-0.00021177791,-0.0029765517,0.0015193522,0.08384338,0.0,-0.004495904
1976,DNge128,0.0,0.0,-6.6145076e-05,7.518778e-06,1.6279519e-05,-0.0001334697,0.04439301,0.0,0.00014974922
1978,DNg50,0.0,0.0,-3.4443867e-05,8.619947e-05,0.00032860786,0.00059491396,0.05371383,0.0,-0.0002663061
1988,DNg48,0.0,0.0,0.0,0.0,-0.000110805035,6.02901e-05,0.040290065,0.0,-0.00017109513
1990,DNge056,0.0,0.0,2.6132053e-05,0.0,-1.2665987e-06,2.1185726e-05,0.02065977,0.0,-2.2452325e-05
1997,DNg26,0.0,0.0,2.475597e-05,0.0,0.0002267994,0.00028680265,0.052931055,0.0,-6.000325e-05
1999,DNge067,0.0,0.0,1.7942551e-05,0.0,-0.00047408044,0.00030609965,0.081211254,0.0,-0.0007801801
2000,DNge125,0.0,0.0,-1.8356974e-05,0.0,-0.00033070147,-0.00021071732,0.073474005,0.0,-0.00011998415
2004,DNd04,0.0,0.0,-0.00029001228,-0.00038761934,8.1039965e-05,-0.0002028048,0.04540614,0.0,0.00028384477
2006,DNg78,0.0,0.0,-2.0628313e-05,-6.5749637e-06,-0.00016653165,4.9691647e-05,0.024824265,0.0,-0.0002162233
2007,DNge060,0.0,0.0,2.8012495e-05,0.0,-0.00015975907,0.0001274459,0.022896148,0.0,-0.00028720498
2023,DNge010,0.0,0.0,0.00057859696,0.0,0.0020177215,-0.0007285923,0.06358673,0.0,0.0027463138
2026,DNge047,0.0,0.0,-0.00012520283,0.0,-0.00017105043,-1.1995435e-06,0.044666328,0.0,-0.00016985089
2030,DNge028,0.0,0.0,2.5606728e-06,0.0,-5.7920814e-05,0.00011536479,0.038367443,0.0,-0.0001732856
2054,DNb08,0.0019193857,0.0,0.00020211255,0.00025249395,0.0020480603,-0.0012289658,0.041909367,0.0019193857,0.0032770261
2081,DNge069,0.0,0.0,3.6231246e-05,4.348591e-06,0.0008751005,-0.00073233247,0.051724233,0.0,0.001607433
2083,DNg87,0.0,0.0,-1.0069184e-05,0.0,-9.377673e-05,7.022545e-05,0.04696166,0.0,-0.00016400218
2086,DNge004,0.0,0.0,-2.6167672e-05,-1.3206691e-05,-0.00015939027,0.00014746934,0.0468473,0.0,-0.0003068596
2089,DNg22,0.0,0.0,0.00025429938,-0.00017191496,0.00061640143,-0.0002399981,0.04967449,0.0,0.00085639954
2099,DNge122,0.0,0.0,0.00012995272,0.0,0.000369668,-4.4368207e-05,0.057498895,0.0,0.0004140362
2106,DNg102,0.0,0.0,-0.0014977984,-9.823689e-05,-0.0018030554,-0.0002188012,0.052749097,0.0,-0.0015842542
2114,DNge007,0.0,0.0,0.00016262762,2.6337596e-06,-0.0001385808,-0.00015947968,0.11002004,0.0,2.0898879e-05
2115,DNp44,0.0,0.0,-0.0003996882,0.0,0.0003570877,-0.00027952902,0.02452609,0.0,0.0006366167
2116,DNg56,0.0,0.0,4.1380383e-05,0.0,0.00027064234,-0.000100292265,0.044098593,0.0,0.0003709346
2117,DNge022,0.0,0.0,0.0,0.0,-1.3470526e-08,4.0688974e-08,2.2507365e-06,0.0,-5.41595e-08
2123,DNpe042,-0.00046674444,0.0,-0.00027512538,0.00012371578,-0.0008917749,0.0003433898,0.04135275,-0.00046674444,-0.0012351647
2128,DNg19,0.0,0.0,0.0007501473,-0.00023580586,0.0026944093,-0.00074135885,0.041443538,0.0,0.0034357682
2136,DNge125,0.0,0.0,1.3645831e-05,0.0,-0.0003376603,-0.00011430681,0.08734675,0.0,-0.0002233535
2151,DNg26,0.0,0.0,0.00010294061,0.0,0.00024044514,0.0005110055,0.07592909,0.0,-0.00027056038
2155,DNg71,0.0,0.0,0.00026837725,-1.8999115e-05,0.001463864,-0.000545606,0.058235146,0.0,0.00200947
2159,DNg103,0.0,0.0,0.0006576338,-0.0008554501,0.00022149086,-0.0012111589,0.055480525,0.0,0.0014326498
2167,DNge113,0.0,0.0,2.6810721e-05,0.0,-8.831173e-05,6.0372055e-05,0.049119957,0.0,-0.00014868379
2178,DNge123,0.0,0.0,0.00017737123,3.5044977e-05,0.0020106286,-0.0012979954,0.034565665,0.0,0.003308624
2180,DNpe043,0.0,0.0,0.00012289052,7.850207e-05,-0.0003562644,0.00014837086,0.05217593,0.0,-0.0005046353
2184,DNb07,0.0,0.0,-0.00029206695,-5.0448027e-05,0.0010363087,-0.00088176504,0.053168923,0.0,0.0019180737
2205,DNge101,0.0,0.0,7.0810136e-05,2.3606271e-06,0.00025074184,-0.001094982,0.06332292,0.0,0.0013457239
2210,DNge136,0.0,0.0,0.00029700444,2.7532215e-05,0.00053036213,-0.00037449598,0.06319082,0.0,0.0009048581
2212,DNge080,0.0,0.0,-3.6756144e-05,0.0,-0.00057059526,-0.0007222295,0.15231255,0.0,0.00015163422
2213,DNpe003,0.0,0.0,-0.0019017934,0.0008429499,-0.0030150674,0.00085224584,0.051490884,0.0,-0.0038673133
2221,DNp41,0.0,0.0,-4.0672185e-05,0.0,3.1434e-05,3.4466386e-05,0.05546423,0.0,-3.0323863e-06
2226,DNb02,0.0,0.0,8.857278e-05,3.762104e-05,0.0008938238,-0.0008491576,0.06839715,0.0,0.0017429814
2230,DNge135,0.0,0.0,-0.0014293736,6.978514e-05,-0.003143929,0.00179708,0.036817715,0.0,-0.004941009
2233,DNg26,0.0,0.0,2.851735e-05,0.0,0.00017905235,0.0005230978,0.05151315,0.0,-0.00034404546
2238,DNge104,0.0,0.0,0.00013391387,0.0,0.00031085312,-2.8014183e-06,0.054920353,0.0,0.00031365454
2243,DNge033,0.0,0.0,-0.00012008137,4.911247e-05,-0.0014882311,0.0015050322,0.08340466,0.0,-0.0029932633
2244,DNae004,0.0,0.0,5.58404e-06,4.1353826e-05,-0.0004926622,0.0005745292,0.054938696,0.0,-0.0010671914
2250,DNg44,0.0,0.0,0.00041850941,-3.5258607e-05,8.486956e-05,-0.0005657077,0.053080775,0.0,0.00065057725
2257,DNa05,0.0,0.0,1.7676635e-06,0.0,0.00047671795,-0.0003077984,0.042223923,0.0,0.00078451633
2271,DNge002,0.0,0.0,-5.446148e-06,0.0,-0.000102637336,1.0820106e-05,0.015509399,0.0,-0.00011345744
2274,DNg54,0.0,0.0,-1.6873282e-05,0.0,-0.00011175871,0.00025978684,0.07749839,0.0,-0.00037154555
2281,DNpe030,0.0,0.0,0.00014089227,0.0,0.00025843084,2.809614e-05,0.047968805,0.0,0.0002303347
2291,DNpe049,0.0,0.0,5.7089987e-05,6.1878156e-05,-0.000571724,0.00029514357,0.037518185,0.0,-0.0008668676
2297,DNge070,0.0,0.0,0.0,0.0,-0.0004990995,0.00037881732,0.07055348,0.0,-0.0008779168
2306,DNg44,0.0,0.0,-2.1498528e-05,9.979493e-05,-0.00054457784,-0.00027472526,0.040879622,0.0,-0.00026985258
2311,DNge098,0.0,0.0,0.0,0.0,-0.00091558695,-0.0006468296,0.1330922,0.0,-0.00026875734
2314,DNde001,0.0,0.0,-0.0009804986,-7.9716165e-07,-0.00040844083,0.0001590699,0.03404931,0.0,-0.0005675107
2323,DNpe020,0.0,0.0,-9.795717e-05,1.0510286e-05,-1.9930303e-05,-0.0001720339,0.053299487,0.0,0.0001521036
2324,DNg54,0.0,0.0,9.610018e-06,4.5278275e-06,-6.045401e-05,0.00031217933,0.067559704,0.0,-0.00037263334
2330,DNge011,0.0,0.0,0.0,0.0,0.00014930218,-0.000100679696,0.040739246,0.0,0.00024998188
2371,DNge137,0.0,0.0,0.0,0.0,0.00010551885,-2.1748245e-05,0.01934056,0.0,0.00012726709
2374,DNpe001,0.0,0.0,-0.0017199813,0.0019152638,-0.0037889108,0.003242679,0.07087361,0.0,-0.0070315897
2405,DNg91,0.0,0.0,-3.1701755e-05,1.1217015e-05,0.00040531904,-0.00048669428,0.034554917,0.0,0.0008920133
2416,DNde003,0.012317519,0.0,-0.0021855247,0.0016524848,0.00010180846,0.004034523,0.041787256,0.012317519,-0.0039327145
2425,DNge076,0.0,0.0,0.0,0.0,-0.00023569167,-0.00027117133,0.10835855,0.0,3.5479665e-05
2427,DNge140,0.0,0.0,0.0,0.0,-0.00015223026,-8.08835e-05,0.07609616,0.0,-7.134676e-05
2439,DNge139,0.0,0.0,0.0004287522,-0.0003125535,-2.5555491e-05,-0.0007299781,0.078454465,0.0,0.0007044226
2446,DNge006,0.0,0.0,-2.1659787e-05,2.2048011e-06,-0.0007972047,0.0002670884,0.0614063,0.0,-0.0010642931
2450,DNg95,0.0,0.0,2.9292094e-06,0.0,-0.00048704445,0.00039073825,0.063169554,0.0,-0.0008777827
2458,DNge086,0.0,0.0,6.5118074e-06,0.0,0.00012780726,-0.0001076702,0.02174664,0.0,0.00023547746
2460,DNge133,0.0,0.0,-0.00029879142,0.0,-0.0004975647,8.933246e-06,0.049086742,0.0,-0.0005064979
2473,DNge084,0.0,0.0,0.0,0.0,0.00015355647,-5.8583915e-05,0.027031552,0.0,0.00021214038
2496,DNp60,0.0,0.0,0.0005053859,-0.00060779473,0.0035151169,-0.0036417618,0.05636646,0.0,0.0071568787
2500,DNge018,0.0,0.0,5.4077947e-05,-3.6260035e-06,0.00081424415,-0.000465706,0.07112923,0.0,0.0012799501
2508,DNpe030,0.0,0.0,0.0,0.0,6.452948e-05,5.2154064e-08,0.057177402,0.0,6.4477324e-05
2528,DNg105,0.0,0.0,-1.2364425e-06,-2.1068146e-05,-0.00013204664,-0.00025731325,0.040217124,0.0,0.00012526661
2531,DNge088,0.0,0.0,0.0,0.0,0.0005017482,-0.00040969625,0.027523272,0.0,0.0009114444
2533,DNge122,0.0,0.0,5.8178528e-05,0.0,0.00026752055,-5.45308e-05,0.052992508,0.0,0.00032205135
2567,DNg85,0.0,0.0,2.454982e-05,1.5435211e-05,-0.00013711303,9.546429e-05,0.048211373,0.0,-0.00023257732
2569,DNge039,0.0,0.0,0.0,0.0,2.4662819e-05,1.3309065e-05,0.0035439073,0.0,1.13537535e-05
2577,DNge028,0.0,0.0,3.1412733e-06,0.0,-0.00010857731,0.00012341142,0.045263745,0.0,-0.00023198873
2578,DNg81,0.0,0.0,-0.00011401555,0.0,-0.00022151321,7.271767e-05,0.046974584,0.0,-0.00029423088
2591,DNp53,0.0,0.0,-7.751883e-06,0.0,0.00029828772,-0.000227198,0.034145184,0.0,0.0005254857
2597,DNg95,0.0,0.0,-0.00010248992,-1.7568793e-05,-0.00047664344,0.00031130016,0.05310578,0.0,-0.0007879436
2606,DNg41,0.0,0.0,-8.530557e-06,1.3608193e-05,0.00030575506,5.345978e-05,0.029668508,0.0,0.0002522953
2619,DNp46,0.0,0.0,0.0009756968,-0.000106149026,0.0027473941,-0.0014940128,0.04538527,0.0,0.004241407
2622,DNpe034,0.0,0.0,0.0009111687,-0.0008281422,0.002404295,-0.0017725155,0.06248247,0.0,0.0041768104
2627,"DNp51,DNpe019",0.0,0.0,6.948361e-05,-2.8910135e-05,0.0003210269,-0.00023346767,0.029797643,0.0,0.00055449456
2630,DNp25,0.0,0.0,1.5903963e-05,-0.0002031012,-0.00014564022,-5.780533e-05,0.044433545,0.0,-8.7834895e-05
2638,DNg52,0.0,0.0,0.00031599234,-0.00027967233,0.00031287968,-0.00045149773,0.039750464,0.0,0.0007643774
2645,DNg86,0.0,0.0,0.00014019551,0.0,-6.9886446e-06,2.3841858e-07,0.06970261,0.0,-7.227063e-06
2646,DNge076,0.0,0.0,0.0,0.0,-0.0001694262,-0.00035458803,0.09948954,0.0,0.00018516183
2661,DNge033,0.0,0.0,-9.107814e-05,3.139257e-05,-0.0018911064,0.0013289005,0.09130311,0.0,-0.0032200068
2681,DNg33,0.0,0.0,8.3527375e-05,0.0011401427,-2.3150584e-05,0.00014581694,0.0011651716,0.0,-0.00016896753
2703,DNg20,0.0,0.0,-4.7448517e-05,0.0,-0.000108614564,4.1641295e-05,0.052936964,0.0,-0.00015025586
2718,DNge022,0.0,0.0,0.0,0.0,-4.1154635e-11,1.5911837e-08,1.3075253e-06,0.0,-1.5952992e-08
2720,DNde001,0.0,0.0,-0.0018912873,-0.00016230409,-0.0007078238,0.00021821633,0.033401575,0.0,-0.0009260401
2729,DNg86,0.0,0.0,0.00011033695,-5.3894302e-05,-0.00015449524,-0.00015082955,0.057138845,0.0,-3.6656857e-06
2751,DNp21,0.0,0.0,0.0,0.0,-0.00011562556,4.504621e-05,0.0635875,0.0,-0.00016067177
2755,DNa14,0.0,0.0,-7.272579e-05,-0.00020154686,-7.866323e-05,-0.0010726824,0.05390746,0.0,0.0009940192
2772,DNg66,0.0,0.0,0.00031723076,-5.1501247e-05,0.0015129596,-0.0007836446,0.062623665,0.0,0.0022966042
2781,DNg33,0.0,0.0,0.00011101485,0.0015613566,-3.8972124e-05,0.00026241248,0.0017238555,0.0,-0.0003013846
2782,DNge096,0.0,0.0,7.078139e-05,0.0,-0.00016001612,9.162724e-05,0.037507743,0.0,-0.00025164336
2783,DNg51,0.0,0.0,7.388307e-05,0.0,0.00028443336,-0.0001103729,0.087461576,0.0,0.00039480627
2784,DNge046,0.0,0.0,0.00024451988,-0.00012219851,0.0008068234,-0.0008762181,0.07913424,0.0,0.0016830415
2819,DNge019,0.0,0.0,0.0,0.0,1.104176e-05,7.115351e-05,0.0034143003,0.0,-6.011175e-05
2824,DNge106,0.0,0.0,0.0,1.6743074e-05,-0.0015776753,0.0005733073,0.13372654,0.0,-0.0021509826
2830,DNg51,0.0,0.0,0.0,0.0,0.00017619133,-0.00017392635,0.06979449,0.0,0.00035011768
2831,DNg17,0.0,0.0,2.3161732e-05,0.0,-1.5638769e-05,0.00023369491,0.057521306,0.0,-0.00024933368
2832,DNa08,0.0,-0.00538358,-0.00026263017,-6.433748e-05,1.7009676e-05,-0.002374068,0.054661915,0.00538358,0.0023910776
2834,DNae008,0.0,0.0,5.108932e-05,0.0,0.00014514104,-2.796948e-05,0.03364083,0.0,0.00017311051
2843,DNge096,0.0,0.0,5.61751e-05,0.0,-0.00027582794,0.00016599894,0.043629803,0.0,-0.00044182688
2854,,0.0,0.0,3.242021e-05,0.0,0.00015474483,-3.4796074e-05,0.013995802,0.0,0.00018954091
2875,DNg41,0.0,0.0,-6.5383906e-06,5.430471e-06,0.000674393,-0.0006458834,0.042945277,0.0,0.0013202764
2876,DNge063,0.0,0.0,-0.00014851447,-1.7157448e-05,-0.00083404034,0.00034938008,0.053439118,0.0,-0.0011834204
2888,DNg34,0.012243649,0.0,-0.00021602932,0.0003654485,0.0045859516,0.00034606457,0.18026713,0.012243649,0.004239887
2889,DNpe049,0.0,0.0,0.000116271694,0.00011880938,-0.000120826066,0.00026661158,0.037544295,0.0,-0.00038743764
2908,DNbe006,0.002750086,0.0,-0.00055700325,7.7950026e-05,0.0030846074,-0.0023257323,0.03461124,0.002750086,0.0054103397
2913,DNg73,0.0,0.0,0.0,0.0,-6.34403e-05,7.936661e-05,0.0013685836,0.0,-0.00014280691
2914,DNg62,0.0,0.0,0.0,0.0,-0.0001774393,0.0002554506,0.021823958,0.0,-0.0004328899
2915,DNge137,0.0,0.0,0.0001384263,0.0,0.00023641996,-7.18981e-07,0.027096558,0.0,0.00023713894
2917,DNge082,0.0,0.0,-8.228853e-05,-7.7101184e-05,-0.00025141984,9.435415e-05,0.060522944,0.0,-0.000345774
2920,DNg43,0.0,0.0,7.910692e-06,7.1682653e-06,0.00063247234,-0.0004165396,0.043632522,0.0,0.001049012
2923,DNge002,0.0,0.0,-7.181219e-06,0.0,-0.00011393614,2.2504479e-05,0.015654381,0.0,-0.00013644062
2931,DNg79,0.0,0.0,-2.287735e-05,0.0,0.00021234155,-0.00023019314,0.06316483,0.0,0.00044253469
2934,DNge038,0.0,0.0,-0.00015694746,0.0,-0.00012319535,0.00011571497,0.036328845,0.0,-0.00023891032
2959,DNge008,0.0,0.0,9.939549e-05,0.0,0.00040791184,0.00012645125,0.03868662,0.0,0.00028146058
2970,DNg51,0.0,0.0,3.2181095e-05,0.0,0.0001564771,-8.755922e-05,0.07932143,0.0,0.00024403632
3003,DNg51,0.0,0.0,3.8369155e-05,0.0,0.00029067695,-0.00020051748,0.07938887,0.0,0.0004911944
3004,DNpe035,0.0,0.0,0.0,0.0,-0.00018617511,0.00037930906,0.07172154,0.0,-0.00056548417
3016,DNge010,0.0,0.0,0.00035178757,5.278322e-06,0.0017508268,-0.0008953288,0.059912726,0.0,0.0026461557
3046,DNge100,0.0,0.0,5.2303647e-05,0.0,-0.00022470951,5.748868e-05,0.10169567,0.0,-0.0002821982
3050,DNg61,0.0,0.0,7.7263314e-05,0.0,8.0898404e-05,0.00018630922,0.092004836,0.0,-0.000105410814
3052,DNg97,0.0,0.0,0.00020046934,0.00026805978,0.0014021769,-0.00049277395,0.038956404,0.0,0.0018949509
3060,DNpe026,-0.004256613,0.0,-0.00048704335,0.0007920396,-0.0029028356,0.0020195842,0.14418119,-0.004256613,-0.00492242
3070,DNge137,0.0,0.0,0.00015691006,0.0,0.00022592582,-3.4993514e-05,0.014992312,0.0,0.00026091933
3087,DNge069,0.0,0.0,-5.0450668e-05,-6.0675275e-06,0.0008217916,-0.0012235716,0.06705199,0.0,0.0020453632
3089,DNg89,0.0,0.0,0.0,-3.86027e-06,-0.0009362772,0.0005257204,0.03546515,0.0,-0.0014619976
3091,DNge139,0.0,0.0,0.00014686747,-0.00019686224,-0.0006413758,-0.00026625395,0.0828414,0.0,-0.00037512183
3104,DNa14,0.0,0.0,0.0001420227,-0.00024056369,0.00015696883,-0.001426965,0.057646997,0.0,0.0015839338
3114,DNge172,0.0,0.0,0.0001545007,0.0,0.00030077994,5.9604645e-05,0.04901705,0.0,0.0002411753
3117,DNg106,0.0,0.0,0.0,0.0,8.4955245e-05,-3.2249838e-05,0.050653037,0.0,0.00011720508
3135,DNb02,0.0,0.0,2.6355116e-05,-1.0577787e-05,0.00072571635,-0.00021481141,0.062687844,0.0,0.00094052777
3157,DNg63,0.0,0.0,0.000504957,-0.0021379823,-0.00023122877,-0.0032316297,0.06133163,0.0,0.003000401
3167,,0.0,0.0,-6.3598454e-06,3.8497806e-06,1.7974526e-07,-1.8983614e-05,0.005395362,0.0,1.9163359e-05
3177,DNg79,0.0,0.0,-1.6765502e-05,0.0,0.00013681501,-0.00013854355,0.0519313,0.0,0.00027535856
3188,DNge172,0.0,0.0,0.00022399683,0.0,0.00047633797,1.0378659e-05,0.04856883,0.0,0.0004659593
3190,DNge131,0.0,0.0,-0.00010241016,0.0,0.00030758232,-9.216368e-05,0.047216088,0.0,0.000399746
3219,DNp65,0.0,0.0,3.2569176e-05,0.0,0.00089211017,-3.631413e-05,0.039437473,0.0,0.0009284243
3232,DNg42,0.0,0.0,0.0001238372,-3.4411565e-05,0.00096705183,-0.00083018094,0.047426812,0.0,0.0017972328
3234,DNg52,0.0,0.0,0.000423018,-0.00022711413,0.00046061724,-0.0005272329,0.043285266,0.0,0.0009878501
3252,DNpe003,0.0,0.0,-0.0024596853,0.00200138,-0.0054713935,0.0027037263,0.06716758,0.0,-0.00817512
3272,DNpe003,0.0,0.0,-0.0023914329,0.0010934484,-0.0036594495,0.0008107126,0.047191694,0.0,-0.004470162
3273,DNge044,0.0,0.0,2.8629642e-05,0.0,5.8222562e-05,0.0001844801,0.030827586,0.0,-0.00012625754
3285,DNg69,0.0,0.0,3.3832217e-05,-5.0850217e-06,0.00023964047,-0.00010602176,0.07151988,0.0,0.00034566224
3305,DNg42,0.0,0.0,0.00012166121,-2.8787823e-05,0.00065729767,-2.4925917e-05,0.050889235,0.0,0.0006822236
3312,DNp24,0.0,0.0,-0.0010116007,-0.00012299271,-0.0013597459,-0.00019988418,0.06356911,0.0,-0.0011598617
3313,DNpe041,0.0,0.0,0.00015738119,-0.0004324926,1.4335001e-08,-3.5757353e-08,8.8114837e-07,0.0,5.0092353e-08
3315,DNg76,0.0,0.0,0.00014949554,-7.95848e-05,-3.028661e-05,-0.00012293458,0.042248465,0.0,9.264797e-05
3318,DNge173,0.0,0.0,-0.0004076353,-9.91788e-05,-0.002096966,0.00010329485,0.06841685,0.0,-0.0022002608
3356,DNge060,0.0,0.0,4.529302e-05,-1.7288611e-06,-0.0001654476,0.000110721216,0.013673848,0.0,-0.0002761688
3357,DNg106,0.0,0.0,0.0,0.0,-9.145588e-05,4.5895576e-05,0.03725803,0.0,-0.00013735145
3373,DNg64,0.0,0.0,-0.00013249484,0.00010246525,-0.004887134,0.0028860867,0.12152754,0.0,-0.0077732205
3377,DNae004,0.0,0.0,-2.4857474e-05,4.8255908e-05,-0.00053771585,0.00021152198,0.042642042,0.0,-0.00074923784
3382,DNge127,0.0,0.0070460704,-0.0019207381,0.0026140797,-0.00249286,0.005159229,0.19572076,-0.0070460704,-0.007652089
3383,DNge077,0.0,0.0,-5.2843443e-05,-0.0009172277,-0.0017982572,-0.001635626,0.098744884,0.0,-0.00016263127
3393,DNde003,0.006758513,0.0,-0.0022390706,0.0013758991,-0.0017533377,0.003047146,0.04367142,0.006758513,-0.0048004836
3394,DNge133,0.0,0.0,-0.00030716314,0.0,-0.00055608153,0.00010549277,0.061535597,0.0,-0.0006615743
3400,DNae006,0.0,0.0,-3.892782e-05,0.0,-0.0010727532,0.0006851405,0.06157311,0.0,-0.0017578937
3406,DNg73,0.0,0.0,0.0,0.0,-3.7363963e-05,3.75713e-05,0.0008508058,0.0,-7.493526e-05
3429,DNg89,0.0,0.0,-4.1411568e-05,1.7304916e-05,-0.00097620673,0.0005893968,0.028264523,0.0,-0.0015656035
3445,DNpe040,0.0,0.0,-2.094172e-05,-0.0002120921,0.00019559637,-9.301677e-05,0.05353559,0.0,0.00028861314
3447,DNae006,0.0,0.0,-3.575445e-05,0.0,-0.0007268712,0.00042630732,0.05817382,0.0,-0.0011531785
3468,DNg05_a,0.0,0.0,-3.432901e-06,0.0,-0.001158692,0.0008361563,0.052780263,0.0,-0.0019948483
3478,DNpe003,0.0,0.0,-0.002064544,0.0016194689,-0.004109297,0.0015826225,0.06122604,0.0,-0.0056919195
3485,DNge151,0.04087531,0.0,-0.00014376173,-0.00083106244,0.015351653,-0.0011744797,0.24427366,0.04087531,0.016526133
3491,DNpe028,-0.0059910133,0.0,-0.00071461103,0.0010392258,-0.0035320818,0.0012245476,0.17778581,-0.0059910133,-0.0047566295
3507,DNge131,0.0,0.0,-0.00046780624,0.0,-0.000103875995,-2.3543835e-05,0.06352402,0.0,-8.033216e-05
3514,DNge113,0.0,0.0,8.337218e-05,0.0,-9.4138086e-05,0.0001507178,0.053271465,0.0,-0.00024485588
3524,DNpe014,0.0,0.0,0.0,0.0,-0.00015287846,0.00011547655,0.06042844,0.0,-0.000268355
3559,DNp28,0.0,0.0,0.0,0.0,-2.7932227e-05,7.83056e-06,0.04391045,0.0,-3.5762787e-05
3586,DNge078,0.0,0.0,4.4614746e-05,3.598767e-06,3.696326e-05,9.647384e-05,0.009164574,0.0,-5.951058e-05
3601,DNg72,0.0,0.0,7.057551e-05,0.0,0.00017019734,-4.4621527e-05,0.01922442,0.0,0.00021481887
3611,DNg04,0.0,0.0,-0.0003461545,0.00038330184,-0.004204698,0.0033804253,0.08186401,0.0,-0.007585123
3691,DNg11,0.0,0.0,0.0,0.0,0.00022994727,-0.00018855184,0.05700767,0.0,0.0004184991
3773,DNge121,0.0,0.0,0.0,0.0,6.953627e-05,7.5526536e-05,0.05331949,0.0,-5.990267e-06
3778,DNge111,0.0,0.0,3.525787e-05,0.0,8.414686e-05,-7.262826e-05,0.05932922,0.0,0.00015677512
3781,DNg63,0.0,0.0,-0.00028544688,-0.0013748616,-0.0020191148,-0.002050221,0.056422018,0.0,3.1106174e-05
3799,"DNp51,DNpe019",0.0,0.0,7.1442846e-05,1.3411966e-05,0.0006427169,-0.00056446716,0.03213197,0.0,0.001207184
3807,DNge184,0.0,0.0,8.150448e-05,0.0,2.4147332e-05,5.6743622e-05,0.057899572,0.0,-3.259629e-05
3810,DNp39,0.0,0.0,-0.00011374013,0.00016036138,0.0009978935,-0.00047577545,0.043884553,0.0,0.001473669
3815,DNg72,0.0,0.0,8.1395556e-05,0.0,0.00011909753,2.3219734e-05,0.013076369,0.0,9.58778e-05
3836,DNpe040,0.0017291066,0.0,3.6246704e-06,-1.8417802e-05,0.0006926805,0.00010919571,0.052197978,0.0017291066,0.00058348477
3837,DNge072,0.0,0.0,5.166785e-05,0.0,0.00020242482,-0.00010722317,0.026021812,0.0,0.000309648
3868,DNge052,0.0,0.0,-0.00020117337,-1.706701e-05,-0.0011130795,0.00038116425,0.059703775,0.0,-0.0014942437
3880,DNg09_b,0.0,0.0,0.0,0.0,-1.335144e-05,-5.8859587e-06,0.055194013,0.0,-7.4654818e-06
3892,DNge113,0.0,0.0,1.6738055e-05,0.0,-0.00013053417,0.000116214156,0.063770235,0.0,-0.00024674833
3897,DNge052,0.0,0.0,1.881736e-05,-1.2957339e-05,-0.0010006428,0.00048962235,0.0553139,0.0,-0.0014902651
3911,DNge127,0.0,0.0032637075,-0.0013582674,0.0018100581,-0.0013006032,0.0026141405,0.18334395,-0.0032637075,-0.0039147437
3926,DNge121,0.0,0.0,-9.503753e-06,0.0,2.2254884e-05,6.558001e-05,0.051162116,0.0,-4.3325126e-05
3932,DNp21,0.0,0.0,0.0,0.0,-0.00016081333,0.00016497076,0.06409645,0.0,-0.0003257841
3935,DNp41,0.0,0.0,-4.7630067e-05,0.0,-6.2048435e-05,8.724257e-05,0.047141507,0.0,-0.00014929101
3948,DNge184,0.0,0.0,6.280827e-05,6.5884137e-06,6.6280365e-05,1.6890466e-05,0.054359987,0.0,4.93899e-05
3959,DNg50,0.0,0.0,2.5017718e-05,6.1894293e-06,6.7323446e-05,0.000354141,0.054542385,0.0,-0.00028681755
3960,DNg05_a,0.0,0.0,-3.3318236e-05,0.0,-0.0014552511,0.00093524903,0.05117715,0.0,-0.0023905002
3961,DNge016,0.0,0.0,0.00017055818,0.0,0.00041031837,-0.00014434755,0.053596772,0.0,0.0005546659
3964,DNpe004,0.0,0.0,-3.74862e-05,6.199746e-05,2.0086765e-05,6.4969063e-06,0.04308091,0.0,1.3589859e-05
3987,DNg55,0.0,0.0,0.00083041185,-0.0003745728,0.0010485649,-0.00036539137,0.053581417,0.0,0.0014139563
4018,DNg62,0.0,0.0,4.0646057e-05,-8.285005e-06,-7.6729804e-05,0.00021027774,0.021212067,0.0,-0.00028700754
4025,DNge147,0.0,0.0,-0.0011494529,0.0008663506,-0.0019153953,0.00025050342,0.08426608,0.0,-0.0021658987
4059,DNg72,0.0,0.0,8.845706e-05,0.0,0.00010521151,6.1709434e-06,0.010676347,0.0,9.904057e-05
4102,DNge057,0.0,0.0,3.124187e-06,0.0,-0.00014160573,0.00033396482,0.045650028,0.0,-0.00047557056
4123,DNg47,0.0,0.0,-3.904997e-05,7.711254e-06,-0.0009599477,-0.0006902814,0.10463004,0.0,-0.0002696663
4140,DNpe020,0.0,0.0,-6.357112e-05,2.1850432e-05,0.00011980906,-0.00018488243,0.05789059,0.0,0.0003046915
4157,DNg109,0.0,0.0,0.00031264956,-0.00022640101,0.0010019206,-0.00067703053,0.017707724,0.0,0.0016789511
4170,DNge082,0.0,0.0,4.976988e-05,-0.00011658551,-0.00017096847,1.9300729e-05,0.04195752,0.0,-0.0001902692
4201,DNge147,0.0,0.0,-0.0012616748,0.0006208136,0.00016537309,-0.0024293736,0.057010993,0.0,0.0025947466
4233,DNg46,0.0,0.0,0.0,0.0,0.00025171041,-0.00030635297,0.041189082,0.0,0.0005580634
4238,DNge097,0.0,0.0,0.0,0.0,7.8223646e-05,-0.00011213124,0.057124212,0.0,0.00019035488
4240,DNge057,0.0,0.0,0.0,0.0,-0.00015054643,0.00029042363,0.057631277,0.0,-0.00044097006
4243,DNg58,0.0,0.0,0.0,0.0,-8.85576e-05,1.6070902e-05,0.045987166,0.0,-0.0001046285
4244,DNpe004,0.0,0.0,-0.000101396196,0.00018028362,-0.00020691752,2.8595328e-05,0.06055998,0.0,-0.00023551285
4260,DNge175,0.0,0.0,0.0001911728,0.0,0.00033290312,-8.835271e-05,0.04672224,0.0,0.00042125583
4262,DNge145,0.0,0.0,4.5982084e-05,0.0,-1.11833215e-05,2.6583672e-05,0.05594051,0.0,-3.7766993e-05
4267,DNpe028,-0.004040404,0.0,-0.00035899153,0.0008832065,-0.0025941133,0.0007677376,0.17945105,-0.004040404,-0.003361851
4276,DNp41,0.0,0.0,-2.6359554e-05,0.0,-4.7929585e-05,5.1237643e-05,0.035426095,0.0,-9.916723e-05
4277,DNge019,0.0,0.0,0.0,0.0,4.0326267e-07,2.3840694e-05,0.0009863372,0.0,-2.3437431e-05
4282,DNge091,0.0,0.0,0.0,0.0,-0.00021104515,9.49353e-05,0.033283845,0.0,-0.00030598044
4327,DNg11,0.0,0.0,0.0,0.0,-0.00028268248,0.00019452721,0.054100007,0.0,-0.0004772097
4330,DNge030,0.0,0.0,-0.0011933886,0.00071753084,-0.0037397966,0.0020874292,0.103124276,0.0,-0.0058272257
4384,DNge012,0.0,0.0,0.0,0.0,-7.805228e-05,8.431822e-05,0.036392413,0.0,-0.0001623705
4396,DNpe014,0.0,0.0,0.0,0.0,-0.00021059811,0.00013014674,0.06490919,0.0,-0.00034074485
4400,DNg20,0.0,0.0,-2.9192573e-05,0.0,-7.793307e-06,3.3073127e-05,0.049818017,0.0,-4.0866435e-05
4405,DNge113,0.0,0.0,5.1380317e-05,0.0,5.9440732e-05,4.066527e-05,0.077208176,0.0,1.8775463e-05
4424,DNge081,0.0,0.0,-5.620379e-06,0.0,9.66005e-05,-2.3297966e-05,0.0027061894,0.0,0.00011989847
4435,DNge124,0.0,0.0,-0.00046540218,7.799121e-05,-0.0026112273,0.0014606044,0.08184563,0.0,-0.0040718317
4461,DNg72,0.0,0.0,8.4678235e-05,0.0,0.0001184158,2.2038817e-05,0.01830244,0.0,9.6376985e-05
4488,DNg106,0.0,0.0,0.0,0.0,-7.5250864e-06,1.7516315e-05,0.03433331,0.0,-2.5041401e-05
4491,DNge072,0.0,0.0,0.0,0.0,8.685887e-05,-1.1973083e-05,0.031354345,0.0,9.883195e-05
4498,DNg45,0.0,0.0,-0.0002189246,0.0,-8.761883e-05,-9.018928e-06,0.05215849,0.0,-7.85999e-05
4503,DNge081,0.0,0.0,0.0,0.0,7.423817e-05,-1.5250989e-05,0.0015809253,0.0,8.948916e-05
4507,DNg21,0.0,0.0,4.181507e-05,0.0,-0.00020790845,0.000546366,0.037590526,0.0,-0.0007542744
4510,DNp52,-0.025999997,0.0,-0.0024709026,0.0023698695,-0.010656595,0.0021896064,0.156919,-0.025999997,-0.012846202
4512,DNp25,0.0,0.0,3.617872e-05,-0.00019841148,0.00037915632,-0.00033274293,0.050931938,0.0,0.00071189925
4522,DNg107,0.0,0.0,0.00014117564,0.00029096985,-0.002295047,0.00238204,0.16656667,0.0,-0.004677087
4530,DNge058,0.0,0.0,4.9702914e-05,1.9041978e-05,0.0010646395,-0.00062385574,0.025729321,0.0,0.0016884953
4582,DNp41,0.0,0.0,-3.278538e-05,0.0,0.00014842302,1.3917685e-05,0.05206863,0.0,0.00013450533
4587,DNpe035,0.0,0.0,-4.0802188e-05,0.0,-0.00019322336,0.00011692941,0.07094897,0.0,-0.00031015277
4615,DNge064,0.0,0.0,2.449608e-05,7.385979e-06,0.0007434264,-0.0007299036,0.037404552,0.0,0.00147333
4621,DNge013,0.0,0.0,0.00015510971,-0.00026688035,0.0012696926,-0.0016574189,0.02638838,0.0,0.0029271115
4669,DNge181,0.0,0.0,0.0,0.0,-0.000264436,0.00012853742,0.044822216,0.0,-0.00039297342
4670,DNge068,0.0,0.0,2.9912599e-05,0.0,-0.0007624924,0.0006464422,0.06627791,0.0,-0.0014089346
4684,DNge029,0.0,0.0,-9.934834e-05,0.0,-1.9131228e-05,0.00028976984,0.029354876,0.0,-0.00030890107
4698,DNge145,0.0,0.0,7.799269e-05,0.0,-6.887317e-05,7.368252e-05,0.041483656,0.0,-0.00014255568
4699,DNpe014,0.0,0.0,0.0,0.0,-4.865229e-05,4.8331916e-05,0.071749344,0.0,-9.698421e-05
4706,DNge034,0.0,0.0,-0.00077994267,0.0,0.0006265193,-0.0016003698,0.08857834,0.0,0.0022268891
4748,DNb03,0.0,0.0,1.732417e-05,0.0,0.00014369562,-0.0003800951,0.049890056,0.0,0.0005237907
4768,DNg21,0.0,0.0,6.205883e-05,0.0,-2.8531998e-05,0.0003748387,0.029118065,0.0,-0.0004033707
4782,DNpe033,0.0,0.0,0.00059407426,-0.00021645207,0.00072047114,-0.00079597905,0.019760016,0.0,0.0015164502
4789,DNge091,0.0,0.0,0.0,0.0,-8.389354e-06,3.2626092e-05,0.049995884,0.0,-4.1015446e-05
4828,DNge001,0.0,0.0,4.5655624e-06,0.0,-0.00029317662,0.00026629865,0.01794476,0.0,-0.0005594753
4871,DNg01_b,0.0,0.0,-3.1410946e-05,6.8378744e-05,-0.0019725189,0.0013474002,0.06620253,0.0,-0.003319919
4887,DNg11,0.0,0.0,0.0,0.0,-0.00020651892,6.7483634e-05,0.028477747,0.0,-0.00027400255
4933,DNg106,0.0,0.0,0.0,0.0,-0.00011936203,3.7636608e-05,0.027023178,0.0,-0.00015699863
4987,DNge075,0.0,0.0,7.615549e-05,0.0,0.000169985,-3.8176775e-05,0.052561395,0.0,0.00020816177
5046,DNge034,0.0,0.0,-0.00045539852,0.0,-1.08629465e-05,-0.0012676567,0.1139348,0.0,0.0012567937
5095,DNpe012_a,0.0,0.0,0.0,0.0,-0.0006233752,0.00029809773,0.11555001,0.0,-0.0009214729
5097,DNpe033,0.0,0.0,0.0007666136,-0.00017776088,0.0010097101,-0.0012169033,0.043970384,0.0,0.0022266135
5104,DNb03,0.0,0.0,2.8034397e-05,0.0,-4.1777268e-05,0.00013309158,0.023913259,0.0,-0.00017486885
5119,DNg94,0.0,0.0,0.0,0.0,5.1505864e-05,-5.054474e-05,0.054574095,0.0,0.0001020506
5126,DNge019,0.0,0.0,0.0,0.0,-1.7719576e-06,1.2224889e-05,0.0005353928,0.0,-1.3996847e-05
5129,DNge064,0.0,0.0,2.5498277e-05,0.0,0.0007507354,-0.00072708726,0.0376923,0.0,0.0014778227
5186,DNb03,0.0,0.0,2.3047756e-05,0.0,-4.342757e-05,0.00017696992,0.03089285,0.0,-0.00022039749
5198,DNg23,0.0,0.0,0.0,0.0,-0.000104855746,8.6862594e-05,0.028640795,0.0,-0.00019171834
5202,DNge134,0.0,0.0,0.00085906446,9.2109385e-06,0.0035253018,-0.00092460215,0.08735824,0.0,0.004449904
5206,DNg59,0.0,0.0,-4.5307876e-05,0.0,6.0630962e-05,-6.6604465e-05,0.014878333,0.0,0.00012723543
5217,DNge019,0.0,0.0,0.0,0.0,-4.5732595e-06,5.0512608e-05,0.0023163673,0.0,-5.5085868e-05
5258,DNge097,0.0,0.0,0.0,0.0,0.00012481958,-0.00010973215,0.049840905,0.0,0.00023455173
5263,DNge098,0.0,0.0,0.0,0.0,-0.0012612045,-0.00068700314,0.14687917,0.0,-0.00057420135
5298,DNg17,0.0,0.0,0.00010229398,0.0,-5.7965517e-05,0.00037036836,0.048776977,0.0,-0.00042833388
5317,DNpe004,0.0,0.0,-7.871887e-05,0.00014415107,0.00021889806,-0.00017626211,0.045820557,0.0,0.00039516017
5369,DNg45,0.0,0.0,-0.00013351958,1.600594e-05,0.00038976967,-0.000116452575,0.063833594,0.0,0.00050622225
5377,DNg106,0.0,0.0,0.0,0.0,-0.00034488738,0.0001616627,0.06964482,0.0,-0.0005065501
5388,DNg82,0.0,0.0,-0.00010139318,4.072444e-05,-0.00043147802,0.00016459823,0.0630098,0.0,-0.00059607625
5428,DNa07,0.0,0.0,-2.9797044e-05,0.0,-0.00013948977,0.00018754601,0.04974115,0.0,-0.00032703578
5444,DNge035,0.0,0.0,3.3522228e-06,0.0,-0.00063625723,0.00051914155,0.03414402,0.0,-0.0011553988
5445,DNg82,0.0,0.0,1.7881488e-05,2.1271348e-05,-0.0007654652,0.00041761994,0.06269045,0.0,-0.0011830851
5452,DNpe036,0.0,0.0,0.0,0.0,-0.0007164702,-5.9857965e-05,0.053686768,0.0,-0.0006566122
5453,DNge174,0.0,0.0,-0.0006427796,1.06473735e-05,-0.0019855052,-0.00077691674,0.07127644,0.0,-0.0012085885
5518,DNg02_d,0.0,0.0,-2.0090306e-06,2.7577897e-05,-0.0008085966,0.0011816174,0.08013959,0.0,-0.001990214
5519,DNg106,0.0,0.0,0.0,0.0,-0.000143487,9.147078e-05,0.02877662,0.0,-0.00023495778
5547,DNp65,0.0,0.0,8.813049e-05,-9.800348e-06,0.0006120801,-7.0251524e-05,0.03193751,0.0,0.0006823316
5551,DNg58,0.0,0.0,0.0,0.0,-0.00037260354,0.00017505884,0.05317183,0.0,-0.0005476624
5561,DNg12_d,0.0,0.0,5.3692234e-05,0.0,-0.00037273392,0.00062938035,0.04113537,0.0,-0.0010021143
5618,DNg09_b,0.0,0.0,4.092835e-05,0.0,-8.546561e-05,4.9844384e-05,0.049708582,0.0,-0.00013531
5679,DNxl114,0.0,0.0,-5.035474e-06,0.0,8.416176e-05,5.5134296e-07,0.05537525,0.0,8.3610415e-05
5795,DNg09_a,0.0,0.0,6.071287e-05,0.0,0.00022365153,-0.00013227016,0.046287388,0.0,0.0003559217
5803,DNge105,0.0,0.0,0.00056965405,0.0,0.0010130927,-0.001185812,0.07759522,0.0,0.0021989048
5950,DNde006,0.0,0.0,-5.666036e-06,0.0,0.00021970272,-1.2330711e-05,0.0432342,0.0,0.00023203343
6017,DNp16_a,0.0,0.0,-2.6122192e-05,0.0,2.9627234e-05,6.225705e-05,0.062159657,0.0,-3.2629818e-05
6041,DNge145,0.0,0.0,9.3513314e-05,0.0,1.5102327e-05,6.251037e-06,0.04983812,0.0,8.85129e-06
6048,DNg77,0.0,0.0,-2.0353196e-05,7.896679e-06,0.00031434745,0.0002758056,0.05888421,0.0,3.8541853e-05
6074,DNge174,0.0,0.0,-0.0011040966,2.2764583e-05,-0.0017028302,-0.0006875992,0.07260907,0.0,-0.001015231
6089,DNg02_f,0.0,0.0,2.8778142e-05,4.6343164e-05,-0.00028966367,0.00069744885,0.08026071,0.0,-0.0009871125
6115,DNge021,0.0,0.0,0.0,0.0,-1.26501545e-05,5.9463084e-05,0.0051018503,0.0,-7.211324e-05
6139,DNge019,0.0,0.0,0.0,0.0,-2.8016511e-06,3.2115262e-05,0.0011575867,0.0,-3.4916913e-05
6296,DNg09_a,0.0,0.0,0.0,0.0,-8.6441636e-05,3.8072467e-05,0.05120179,0.0,-0.0001245141
6309,DNg03,0.0,0.0,-7.650301e-06,0.0,6.401539e-05,0.000598222,0.042385183,0.0,-0.0005342066
6313,DNg11,0.0,0.0,0.0,0.0,-0.0003135167,0.00016378611,0.022359949,0.0,-0.00047730282
6340,DNpe037,0.0,0.0,7.184073e-06,0.0,0.00021802634,0.00012460351,0.04140169,0.0,9.342283e-05
6346,DNg12_a,0.0,0.0,0.0,0.0,-0.00031764805,0.0005879998,0.068242386,0.0,-0.0009056479
6631,DNge091,0.0,0.0,0.0,0.0,-0.00017426535,8.272007e-05,0.028464612,0.0,-0.00025698543
6639,DNg106,0.0,0.0,0.0,0.0,6.658584e-05,-3.8087368e-05,0.034808278,0.0,0.00010467321
6671,DNge029,0.0,0.0,-1.7056582e-05,1.233006e-06,-0.00014119595,0.00018443912,0.02422059,0.0,-0.00032563508
6748,DNge019,0.0,0.0,0.0,0.0,-3.181398e-06,9.254145e-06,0.0004062025,0.0,-1.2435543e-05
6769,DNg106,0.0,0.0,0.0,0.0,0.0001049377,-7.335842e-05,0.041418865,0.0,0.00017829612
6782,DNg12_c,0.0,0.0,0.0,0.0,-1.8833089e-07,1.5739934e-06,0.0001317515,0.0,-1.7623242e-06
6879,DNge144,0.0,0.0,8.217978e-06,0.0,0.00087095797,-0.0006417334,0.041383006,0.0,0.0015126914
6886,DNg12_a,0.0,0.0,0.0,0.0,-0.00019048154,0.00052945316,0.04058876,0.0,-0.0007199347
6892,DNge091,0.0,0.0,2.4592804e-05,0.0,-7.3201954e-05,4.9471855e-05,0.037928477,0.0,-0.00012267381
6895,DNg12_h,0.0,0.0,0.0,0.0,-0.0002541989,0.0004438311,0.06707783,0.0,-0.00069803
6916,DNpe010,0.0,0.0,-7.2339855e-05,0.0,0.0010447353,-0.0005483702,0.03355018,0.0,0.0015931055
6963,DNpe010,0.0,0.0,-0.0001300872,0.0,0.0010094531,-0.00068358146,0.026803058,0.0,0.0016930345
6966,DNg08,0.0,0.0,0.0,0.0,-3.623031e-05,5.2414834e-06,0.013942987,0.0,-4.1471794e-05
7005,DNg12_h,0.0,0.0,0.0,0.0,-0.00038661063,0.00041857362,0.0788234,0.0,-0.00080518425
7007,DNg11,0.0,0.0,0.0,0.0,-0.00019321498,5.505979e-05,0.015701983,0.0,-0.00024827477
7028,DNge019,0.0,0.0,0.0,0.0,-1.7576967e-06,8.355419e-06,0.00034819165,0.0,-1.0113115e-05
7046,DNge110,0.0,0.0,0.0,0.0,0.00018468499,-0.0001802817,0.070996724,0.0,0.0003649667
7086,DNge091,0.0,0.0,0.0,0.0,-3.194064e-05,-1.2591481e-06,0.051673748,0.0,-3.068149e-05
7102,DNg02_g,0.0,0.0,-0.00013233477,7.898887e-05,-0.0015342981,0.0018327534,0.08025296,0.0,-0.0033670515
7162,DNg06,0.0,0.0,0.0,0.0,-0.0008333847,0.00039868057,0.100630045,0.0,-0.0012320653
7209,DNg12_c,0.0,0.0,0.0,0.0,3.3466495e-07,1.5259138e-06,0.00015199214,0.0,-1.1912489e-06
7221,DNa07,0.0,0.0,0.0,0.0,8.365512e-05,0.00028972328,0.034088477,0.0,-0.00020606816
7223,DNge181,0.0,0.0,0.0,0.0,-2.0079315e-05,2.425164e-05,0.049549222,0.0,-4.4330955e-05
7240,DNge091,0.0,0.0,0.0,0.0,-0.0002066493,0.00016251206,0.06451066,0.0,-0.00036916137
7278,DNge183,0.0,0.0,0.0,0.0,0.00011148304,-0.00013503432,0.078736365,0.0,0.00024651736
7280,DNge091,0.0,0.0,0.0,0.0,-0.00011861324,6.0353428e-05,0.018157423,0.0,-0.00017896667
7310,DNge178,0.0,0.0,0.0,0.0,-9.012758e-06,7.4378913e-06,0.00058215484,0.0,-1.645065e-05
7324,DNg12_e,0.0,0.0,5.469185e-05,0.0,-2.727611e-06,2.6181806e-05,0.0016730237,0.0,-2.8909417e-05
7326,DNpe004,0.0,0.0,-0.00010517916,0.00021436664,-1.6242266e-05,0.00014414638,0.047675632,0.0,-0.00016038865
7360,DNg36_a,0.0,0.0,7.5570555e-05,0.0,-1.2440604e-12,-1.1363688e-12,5.770271e-10,0.0,-1.07691633e-13
7391,DNge175,0.0,0.0,0.00020145824,-4.0768682e-05,0.00015512109,2.482161e-05,0.031821437,0.0,0.00013029948
7419,DNg12_c,0.0,0.0,0.0,0.0,2.7086935e-06,4.252477e-06,0.00031838013,0.0,-1.5437836e-06
7420,DNg02_g,0.0,0.0,1.6376973e-06,8.10262e-05,-0.00094279647,0.0013720095,0.07762404,0.0,-0.002314806
7462,DNg57,0.0,0.0,0.00056107895,0.0,0.00072696805,7.253885e-05,0.06685588,0.0,0.0006544292
7500,DNge021,0.0,0.0,0.0,0.0,-6.3907355e-06,3.8345344e-05,0.0024044714,0.0,-4.473608e-05
7503,DNp16_a,0.0,0.0,0.0,0.0,0.00014818832,-9.052828e-05,0.044636253,0.0,0.0002387166
7507,DNpe053,0.0,0.0,0.00032419522,0.00012317403,-3.9219856e-05,3.478676e-05,0.05339829,0.0,-7.400662e-05
7540,DNg12_c,0.0,0.0,0.0,0.0,6.4513733e-07,3.4229015e-07,4.7790338e-05,0.0,3.0284718e-07
7570,DNg08,0.0,0.0,0.0,0.0,0.00016993284,-6.392598e-05,0.031761236,0.0,0.00023385882
7580,DNg09_a,0.0,0.0,0.0,0.0,1.0825694e-05,-1.6212463e-05,0.044311933,0.0,2.7038157e-05
7654,DNg57,0.0,0.0,0.00012927988,0.0,0.00012880564,3.7886202e-05,0.061433837,0.0,9.0919435e-05
7713,DNge019,0.0,0.0,0.0,0.0,-3.988971e-06,1.3394863e-05,0.00058029115,0.0,-1.7383834e-05
7715,DNpe009,0.0,0.0,0.0,0.0,-0.00043459982,0.00023441017,0.055666395,0.0,-0.00066901
7721,DNp16_b,0.0,0.0,-2.8932689e-05,0.0,0.00015456975,-8.8363886e-05,0.070209235,0.0,0.00024293363
7733,DNg36_a,0.0,0.0,0.0,0.0,-8.410883e-12,-9.039436e-13,6.8630135e-10,0.0,-7.5069395e-12
7742,DNg12_c,0.0,0.0,0.0,0.0,9.026262e-07,7.95495e-07,0.00015088872,0.0,1.071312e-07
7760,DNg08,0.0,0.0,0.0,0.0,-0.00015581027,0.0001624152,0.056169786,0.0,-0.00031822547
7778,DNg02_b,0.0,0.0,-0.00038009736,-2.5376004e-05,0.00038717687,-0.0005113408,0.03765101,0.0,0.00089851767
7796,DNge025,0.0,0.0,0.0,0.0,-9.277277e-05,0.00012363307,0.010966264,0.0,-0.00021640584
7821,DNg110,0.0,0.0,-4.8628102e-05,0.0,-0.0007366501,0.00049181655,0.061161336,0.0,-0.0012284666
7840,DNg02_f,0.0,0.0,1.5812278e-05,4.7984064e-05,-0.00047789514,0.0008764267,0.074978426,0.0,-0.0013543218
7874,DNp17,0.0,0.0,0.0,0.0,0.00025109015,-0.00023848005,0.009938087,0.0,0.0004895702
7876,DNp72,0.0,0.0,0.00013795316,0.0,0.00014922023,2.0924956e-05,0.050089337,0.0,0.00012829527
7926,DNg02_a,0.0,0.0,-1.101892e-05,0.0,-0.00085392594,0.00058692694,0.08330792,0.0,-0.0014408529
7939,DNge091,0.0,0.0,0.0,0.0,-0.00013334304,0.000107601285,0.061231278,0.0,-0.00024094433
7940,DNg107,0.0,0.0,9.364326e-05,8.366711e-05,-0.0020653903,0.0013166964,0.14551356,0.0,-0.0033820868
7944,DNg106,0.0,0.0,0.0,0.0,-0.0005604476,0.00032521784,0.06667988,0.0,-0.0008856654
8028,DNg106,0.0,0.0,0.0,0.0,-0.00046090037,0.0002879277,0.06027665,0.0,-0.00074882805
8099,DNge183,0.0,0.0,0.00024061598,0.0,0.0001783371,9.097904e-05,0.06746863,0.0,8.735806e-05
8113,DNge091,0.0,0.0,0.0,0.0,3.0249357e-06,2.3543835e-06,0.03670636,0.0,6.7055225e-07
8191,DNg106,0.0,0.0,0.0,0.0,-0.00013292208,8.918345e-05,0.03019213,0.0,-0.00022210553
8193,DNge178,0.0,0.0,0.0,0.0,-2.3810775e-05,2.4247332e-05,0.0014257865,0.0,-4.8058107e-05
8198,DNge111,0.0,0.0,0.0,0.0,-8.5398555e-05,-6.451458e-05,0.05896128,0.0,-2.0883977e-05
8209,DNg12_a,0.0,0.0,0.0,0.0,-0.00032725185,0.0005423352,0.05094038,0.0,-0.00086958706
8236,DNge019,0.0,0.0,4.462643e-05,0.0,5.1106326e-07,1.704623e-05,0.001021079,0.0,-1.6535167e-05
8259,DNp16_b,0.0,0.0,0.0,0.0,4.658848e-05,-0.000101059675,0.048925817,0.0,0.00014764816
8347,DNg106,0.0,0.0,0.0,0.0,5.0842762e-05,-6.844103e-05,0.06643927,0.0,0.000119283795
8430,DNxl114,0.0,0.0,0.0,0.0,5.275756e-05,-1.7419457e-05,0.049596846,0.0,7.017702e-05
8434,DNge181,0.0,0.0,0.0,0.0,4.660338e-06,-7.264316e-06,0.037453197,0.0,1.1924654e-05
8439,DNg12_c,0.0,0.0,0.0,0.0,2.4123583e-06,2.5123009e-06,0.00026721973,0.0,-9.9942554e-08
8462,DNg12_g,0.0,0.0,0.0,0.0,-0.00013034418,0.00023866072,0.041108448,0.0,-0.0003690049
8467,DNg83,0.0,0.0,0.00029170496,0.0,0.0003862679,-1.5951693e-05,0.054339297,0.0,0.0004022196
8498,DNg12_g,0.0,0.0,0.0,0.0,-0.00048552454,0.00062737614,0.040901132,0.0,-0.0011129007
8513,DNpe012_b,0.0,0.0,0.0,7.737655e-06,-0.0012440309,0.0009500161,0.07948231,0.0,-0.002194047
8530,DNg12_e,0.0,0.0,0.0,0.0,1.7898274e-06,5.4144766e-06,0.00047376036,0.0,-3.6246493e-06
8644,DNge008,0.0,0.0,0.0,-5.5810462e-05,0.00017987192,-4.4304878e-05,0.012166673,0.0,0.0002241768
8646,DNg02_a,0.0,0.0,0.0,0.0,-0.00067700446,0.0006879419,0.08554423,0.0,-0.0013649464
8654,DNg02_a,0.0,0.0,0.0,0.0,-0.0005890131,0.0005064979,0.07758649,0.0,-0.001095511
8693,DNg02_g,0.0,0.0,1.3083969e-05,-5.176015e-05,0.00073053315,-1.7102808e-05,0.0531391,0.0,0.00074763596
8701,DNg12_e,0.0,0.0,0.0,0.0,-9.482261e-06,2.4602283e-05,0.0014890248,0.0,-3.4084544e-05
8740,DNg12_e,0.0,0.0,0.0,0.0,6.4994674e-06,1.0014279e-05,0.0009720721,0.0,-3.5148114e-06
8760,DNg12_e,0.0,0.0,0.0,0.0,-8.579111e-06,2.2991793e-05,0.001132061,0.0,-3.1570904e-05
8778,DNge095,0.0,0.0,0.0,0.0,0.00059483945,-0.00041873753,0.06825557,0.0,0.001013577
8787,DNge087,0.0,0.0,0.0,0.0,-0.00031100586,0.00031722337,0.050349727,0.0,-0.00062822923
8813,DNg110,0.0,0.0,-2.5571457e-05,0.0,-0.001502052,0.0010165721,0.06672718,0.0,-0.002518624
8851,DNge019,0.0,0.0,0.0,0.0,3.4538098e-06,6.5588392e-06,0.00051333674,0.0,-3.1050295e-06
8852,DNg67,0.0,0.0,-1.4319546e-05,0.0,-7.996708e-05,5.877763e-05,0.06196528,0.0,-0.00013874471
9084,DNge111,0.0,0.0,0.0,0.0,-9.728968e-05,5.7324767e-05,0.04733389,0.0,-0.00015461445
9109,DNge111,0.0,0.0,0.0,0.0,-1.9572675e-05,-3.7562102e-05,0.030548096,0.0,1.7989427e-05
9171,DNg110,0.0,0.0,-1.4249961e-05,0.0,-0.0010827333,0.0006197244,0.084828526,0.0,-0.0017024577
9208,DNg02_a,0.0,0.0,-5.8804458e-06,0.0,-0.000610888,0.0004950911,0.0544763,0.0,-0.0011059791
9209,DNge181,0.0,0.0,0.0,0.0,-0.0002591908,0.00010968745,0.06776035,0.0,-0.00036887825
9318,DNg12_a,0.0,0.0,0.0,0.0,-7.6018274e-05,0.00038018078,0.045497924,0.0,-0.00045619905
9341,DNge087,0.0,0.0,0.0,0.0,-0.00040654838,0.00028629228,0.0544789,0.0,-0.00069284067
9367,DNge093,0.0,0.0,0.0,0.0,-5.3815544e-05,2.1025538e-05,0.05130419,0.0,-7.484108e-05
9426,DNge111,0.0,0.0,4.0716557e-05,0.0,6.4350665e-05,-5.376339e-05,0.038370498,0.0,0.000118114054
9460,DNge015,0.0,0.0,0.0,0.0,-0.0012852661,0.0007983148,0.04534491,0.0,-0.002083581
9466,DNge120,0.0,0.0,-0.00043809274,0.00014853476,-0.00029198825,6.8970025e-05,0.040974796,0.0,-0.00036095828
9467,DNge095,0.0,0.0,0.0,0.0,0.0002810359,-0.0003437698,0.044545367,0.0,0.0006248057
9502,DNge091,0.0,0.0,0.0,0.0,-0.0002168417,0.0002199933,0.038284466,0.0,-0.000436835
9505,DNg12_c,0.0,0.0,0.0,0.0,2.815359e-06,1.7884886e-06,0.0002052401,0.0,1.0268705e-06
9546,DNg08,0.0,0.0,0.0,0.0,-1.6855076e-05,1.1107884e-05,0.0043753395,0.0,-2.796296e-05
9551,DNge090,0.0,0.0,0.0,0.0,-0.00020813942,5.1416457e-05,0.056669235,0.0,-0.00025955588
9560,DNge014,0.0,0.0,4.3025517e-05,0.0,4.2971224e-05,-6.426498e-05,0.033616927,0.0,0.00010723621
9622,DNg110,0.0,0.0,-2.4982262e-05,0.0,-0.001890853,0.00097213686,0.070035115,0.0,-0.00286299
9643,DNg36_a,0.0,0.0,0.0,0.0,-2.245426e-14,3.596845e-13,3.024899e-10,0.0,-3.8213877e-13
9704,DNge114,0.0,0.0,0.0,0.0,0.00091031194,-0.0010449477,0.058846764,0.0,0.0019552596
9706,DNge090,0.0,0.0,0.0,0.0,-0.00011757016,1.1742115e-05,0.061366,0.0,-0.00012931228
9718,DNg08,0.0,0.0,0.0,0.0,1.8732622e-05,5.028583e-05,0.029153688,0.0,-3.155321e-05
9765,DNpe012_b,0.0,0.0,-3.9841856e-05,0.0,-0.00012458861,3.6016107e-05,0.06565879,0.0,-0.00016060472
9792,DNg53,0.0,0.0,0.00042447128,0.0,0.00021372922,0.00012937747,0.021513376,0.0,8.435175e-05
9803,DNge025,0.0,0.0,0.0,0.0,-0.00015048683,0.00015394017,0.020393752,0.0,-0.000304427
9847,DNg12_c,0.0,0.0,0.0,0.0,2.6529015e-06,1.6209378e-06,0.00015836305,0.0,1.0319636e-06
9867,DNge091,0.0,0.0,0.0,0.0,-0.00031591952,0.00022979826,0.057810605,0.0,-0.0005457178
9873,DNge117,0.0,0.0,0.0,0.0,-0.00010115653,8.08835e-05,0.042771503,0.0,-0.00018204004
9922,DNp72,0.0,0.0,0.0,0.0,-3.9592385e-05,2.2035092e-05,0.032722287,0.0,-6.162748e-05
9997,DNg12_f,0.0,0.0,0.0,0.0,-1.6561535e-06,5.9372396e-06,0.0003461658,0.0,-7.593393e-06
10044,DNg12_a,0.0,0.0,0.0,0.0,5.984679e-06,0.00033479556,0.025401797,0.0,-0.0003288109
10060,DNpe012_b,0.0,0.0,0.0,0.0,-0.00014134496,-5.2809715e-05,0.05857023,0.0,-8.853525e-05
10098,DNge115,0.0,0.0,0.0,0.0,9.915978e-05,-5.0261617e-05,0.04347025,0.0,0.0001494214
10166,DNg12_a,0.0,0.0,0.0,0.0,1.0348856e-05,0.00029841065,0.04300154,0.0,-0.0002880618
10171,DNg08,0.0,0.0,0.0,0.0,-6.715953e-05,5.4225326e-05,0.05325803,0.0,-0.00012138486
10182,DNg92_b,0.0,0.0,0.0,0.0,4.5597553e-05,-0.0002619624,0.039832294,0.0,0.00030755997
10203,DNge092,0.0,0.0,0.0,0.0,-0.000114932656,0.00022685528,0.06788501,0.0,-0.00034178793
10216,DNg08,0.0,0.0,0.0,0.0,0.00011837669,-5.7786703e-05,0.025015026,0.0,0.00017616339
10261,DNg02_d,0.0,0.0,9.821646e-06,2.9709336e-05,-0.00084872544,0.0011185259,0.08326849,0.0,-0.0019672513
10323,DNg08,0.0,0.0,0.0,0.0,2.4620444e-05,-1.3273209e-05,0.017551154,0.0,3.7893653e-05
10325,DNg07,0.0,0.0,0.0,0.0,-6.143004e-05,7.942319e-06,0.038718976,0.0,-6.9372356e-05
10331,DNg07,0.0,0.0,0.0,0.0,2.5704503e-05,-3.7796795e-05,0.039227515,0.0,6.35013e-05
10352,DNge092,0.0,0.0,0.0,0.0,-6.297976e-05,4.2233616e-05,0.024688188,0.0,-0.000105213374
10369,DNp17,0.0,0.0,0.0,0.0,0.000121206045,-0.00011579692,0.04166849,0.0,0.00023700297
10398,DNg07,0.0,0.0,0.0,0.0,-0.00015474111,7.2821975e-05,0.056119137,0.0,-0.00022756308
10421,DNge091,0.0,0.0,0.0,0.0,-3.260374e-05,1.0743737e-05,0.046084955,0.0,-4.3347478e-05
10517,DNge092,0.0,0.0,0.0,0.0,-0.00011669099,0.00010178983,0.08469081,0.0,-0.00021848083
10539,DNge058,0.0,0.0,0.0,0.0,0.000579847,-0.00036844425,0.019740952,0.0,0.0009482913
10540,DNg08,0.0,0.0,0.0,0.0,0.0001976937,-0.000102277845,0.018533882,0.0,0.00029997155
10543,DNg02_a,0.0,0.0,0.0,0.0,-0.00081525743,0.00085291266,0.09680158,0.0,-0.0016681701
10551,DNge038,0.0,0.0,-1.4137552e-05,1.2106774e-05,-2.8982759e-06,7.481128e-05,0.035216525,0.0,-7.7709556e-05
10560,DNge108,0.0,0.0,0.0,0.0,0.00046349317,-0.00040633604,0.040541932,0.0,0.0008698292
10605,DNpe009,0.0,0.0,0.0,0.0,-0.00075660646,0.00048613548,0.056817897,0.0,-0.001242742
10607,DNge074,0.0,0.0,0.0,0.0,0.00013775378,-0.00014208257,0.05859738,0.0,0.00027983636
10634,DNg02_a,0.0,0.0,0.0,0.0,-0.0015458912,0.001372993,0.106106296,0.0,-0.0029188842
10651,DNg02_b,0.0,0.0,0.00017434919,-0.00026542117,0.0027326234,-0.0016692467,0.060029786,0.0,0.00440187
10705,DNg08,0.0,0.0,0.0,0.0,0.00047320873,-0.00036171824,0.03589254,0.0,0.00083492696
10732,DNg08,0.0,0.0,-3.684707e-05,0.0,-0.00015494972,8.383021e-05,0.025467228,0.0,-0.00023877993
10823,DNge087,0.0,0.0,0.0,0.0,-0.00034956262,0.00025592,0.058434848,0.0,-0.0006054826
10833,DNg07,0.0,0.0,0.0,0.0,3.246963e-05,-0.00010549277,0.053385474,0.0,0.0001379624
10851,DNg12_f,0.0,0.0,0.0,0.0,6.0072634e-06,1.6654958e-06,0.0002692507,0.0,4.3417676e-06
10856,DNg07,0.0,0.0,0.0,0.0,0.00016202033,-7.18385e-05,0.06877695,0.0,0.00023385882
10861,DNge115,0.0,0.0,0.0,0.0,-0.00026685745,0.00021819025,0.036580518,0.0,-0.0004850477
10875,DNg07,0.0,0.0,0.0,0.0,-1.4081597e-05,-5.759299e-06,0.04876361,0.0,-8.3222985e-06
10920,DNg08,0.0,0.0,0.0,0.0,2.0250678e-05,-2.285093e-05,0.038899817,0.0,4.310161e-05
10921,DNg07,0.0,0.0,0.0,0.0,0.00014913082,-0.00011265278,0.06815237,0.0,0.0002617836
10943,DNp58,0.0,0.0,0.00018453626,-6.622523e-06,0.00027182698,0.00029634684,0.041798323,0.0,-2.451986e-05
10947,DNge094,0.0,0.0,0.0,0.0,0.00021606684,-8.799136e-05,0.088144064,0.0,0.0003040582
10950,DNge094,0.0,0.0,0.0,0.0,-0.00039481372,-0.00011821091,0.061614513,0.0,-0.0002766028
10962,DNpe012_b,0.0,0.0,2.3889395e-06,2.8667275e-06,-0.00096295774,0.0005007982,0.07882208,0.0,-0.001463756
11001,DNge094,0.0,0.0,0.0,0.0,0.0005925745,-0.00015623868,0.107478455,0.0,0.00074881315
11045,DNg08,0.0,0.0,0.0,0.0,-5.9191138e-05,9.128824e-05,0.016790148,0.0,-0.00015047938
11121,DNge115,0.0,0.0,0.0,0.0,-0.0001526177,0.00014866143,0.062427558,0.0,-0.00030127913
11132,DNge094,0.0,0.0,0.0,0.0,0.00038592517,-0.00010097772,0.117932364,0.0,0.0004869029
11156,DNg08,0.0,0.0,0.0,0.0,0.00010992214,-5.427748e-05,0.023462307,0.0,0.00016419962
11190,DNge180,0.0,0.0,0.0,0.0,-0.00019483268,0.00014801323,0.038293026,0.0,-0.00034284592
11193,DNg08,0.0,0.0,-3.8601695e-05,0.0,-0.00014572218,9.0736896e-05,0.03028636,0.0,-0.00023645908
11202,DNge015,0.0,0.0,0.0,0.0,-0.0012644604,0.00067183375,0.05797697,0.0,-0.0019362941
11206,DNg07,0.0,0.0,0.0,0.0,9.1448426e-05,-2.8088689e-05,0.06353243,0.0,0.000119537115
11207,DNge092,0.0,0.0,0.00027108702,0.0,0.00021164864,0.0001758188,0.05260907,0.0,3.5829842e-05
11224,DNge017,0.0,0.0,-9.010013e-06,0.0,-0.00025181845,2.3163855e-05,0.040600363,0.0,-0.0002749823
11256,DNg01_c,0.0,0.0,-0.00023902208,1.2702777e-05,-0.00090641156,0.0006034896,0.046783768,0.0,-0.0015099011
11344,DNg07,0.0,0.0,0.0,0.0,0.00012829155,-0.00025650114,0.068779,0.0,0.0003847927
11370,DNge015,0.0,0.0,0.0,1.9075478e-05,-0.00043337047,0.00036532432,0.046773486,0.0,-0.0007986948
11390,DNge094,0.0,0.0,0.0,0.0,-0.0005306676,-0.00011758506,0.066640675,0.0,-0.00041308254
11420,DNp17,0.0,0.0,0.0,0.0,0.00016535446,-0.00028377026,0.032081924,0.0,0.00044912472
11425,DNge017,0.0,0.0,0.00011933664,0.0,-0.0013626963,0.0010815561,0.071533486,0.0,-0.0024442524
11430,DNge115,0.0,0.0,0.0,0.0,-0.00021080673,0.0001630336,0.06797266,0.0,-0.00037384033
11437,DNge093,0.0,0.0,0.0,0.0,2.2199005e-05,-1.9714236e-05,0.05957087,0.0,4.191324e-05
11475,DNg08,0.0,0.0,0.0,0.0,-9.4827265e-05,8.8490546e-05,0.013875036,0.0,-0.00018331781
11485,DNge110,0.0,0.0,0.0,0.0,-0.00052048266,0.00041930377,0.08188562,0.0,-0.00093978643
11512,DNge093,0.0,0.0,0.0,0.0,-9.379536e-05,7.9624355e-05,0.05042229,0.0,-0.00017341971
11517,DNpe012_a,0.0,0.0,1.3694262e-06,1.6433115e-06,-0.0002484694,0.00018963218,0.057924926,0.0,-0.0004381016
11607,DNg07,0.0,0.0,0.0,0.0,6.1653554e-05,-4.0169805e-05,0.045580395,0.0,0.00010182336
11608,DNge094,0.0,0.0,0.0,0.0,0.0005587712,-0.00014201552,0.10340048,0.0,0.0007007867
11677,DNge180,0.0,0.0,0.0,0.0,-0.00012744963,9.159744e-05,0.07167834,0.0,-0.00021904707
11816,DNge116,0.0,0.0,0.0,0.0,3.4347177e-06,3.9242208e-05,0.08368837,0.0,-3.580749e-05
11834,DNge153,0.0,0.0,0.0,0.0,1.5422702e-06,-4.1648746e-06,0.05027251,0.0,5.7071447e-06
11864,DNg08,0.0,0.0,0.0,0.0,7.5306743e-06,-1.7307699e-05,0.014873717,0.0,2.4838373e-05
11893,DNg01_a,0.0,0.0,0.0,0.0,-0.0012853034,0.0007491186,0.062174894,0.0,-0.002034422
11906,DNg01_b,0.0,0.0,-4.887198e-05,6.1027727e-05,-0.0013531893,0.0011775941,0.06612228,0.0,-0.0025307834
11945,DNg110,0.0,0.0,0.0,0.0,-0.0018751547,0.001229696,0.0692411,0.0,-0.0031048506
11949,DNge115,0.0,0.0,0.0,0.0,3.991276e-05,9.991229e-06,0.028731689,0.0,2.9921532e-05
11978,DNg08,0.0,0.0,0.0,0.0,-4.2513013e-05,6.426871e-05,0.035055146,0.0,-0.00010678172
12050,DNg02_a,0.0,0.0,0.0,0.0,-0.001109764,0.0009818673,0.09162767,0.0,-0.0020916313
12066,DNg94,0.0,0.0,6.288931e-07,7.5467176e-07,-0.00029689074,0.00013136864,0.034661613,0.0,-0.00042825937
12072,DNg07,0.0,0.0,0.0,0.0,2.335012e-05,4.4479966e-05,0.06990337,0.0,-2.1129847e-05
12080,DNge116,0.0,0.0,0.0,0.0,-1.8496066e-05,-4.7266483e-05,0.05833564,0.0,2.8770417e-05
12125,DNge115,0.0,0.0,0.0,0.0,7.773936e-05,-4.824996e-05,0.038700104,0.0,0.00012598932
12138,DNge023,0.0,0.0,-0.0011477269,-2.7492566e-05,-0.0029546171,0.0020051748,0.10780464,0.0,-0.004959792
12175,DNge085,0.0,0.0,0.0,0.0,-0.00025729463,0.00024341792,0.04685919,0.0,-0.00050071254
12188,DNge108,0.0,0.0,0.0,0.0,0.00049894303,-0.0003316179,0.08411958,0.0,0.0008305609
12217,DNge153,0.0,0.0,0.0,0.0,5.2452087e-06,-6.645918e-06,0.050208494,0.0,1.1891127e-05
12248,DNg06,0.0,0.0,6.538563e-05,0.0,4.4114888e-05,-2.1778047e-05,0.055738203,0.0,6.5892935e-05
12333,DNg07,0.0,0.0,0.0,0.0,5.2928925e-05,3.7804246e-05,0.06603278,0.0,1.5124679e-05
12379,DNg08,0.0,0.0,0.0,0.0,0.00017140433,-2.7671456e-05,0.02579217,0.0,0.00019907579
12388,DNg08,0.0,0.0,0.0,0.0,0.00010947883,-8.443743e-05,0.027573135,0.0,0.00019391626
12406,DNg05_b,0.0,0.0,0.0,0.0,-0.0014067888,0.0009398982,0.068739265,0.0,-0.002346687
12429,DNp17,0.0,0.0,0.0,0.0,0.00029227883,-0.00029091537,0.05054456,0.0,0.0005831942
12500,DNpe015,0.0,0.0,0.0,0.0,-0.00062930584,0.00013932586,0.063387595,0.0,-0.0007686317
12541,DNpe012_a,0.0,0.0,-5.8368473e-06,0.0,3.3620745e-05,1.129508e-05,0.036919713,0.0,2.2325665e-05
12642,DNg36_b,0.0,0.0,0.0,0.0,0.00037673116,-0.00023414195,0.067072496,0.0,0.0006108731
12667,DNg02_a,0.0,0.0,0.0,0.0,-0.0007933825,0.00071048737,0.08545022,0.0,-0.0015038699
12776,DNge134,0.0,0.0,0.0007290957,-0.00011004922,0.0033133477,-0.0013643205,0.041561812,0.0,0.004677668
12793,DNpe015,0.0,0.0,0.0,0.0,-0.00029639155,-0.00010354817,0.10929072,0.0,-0.00019284338
12937,DNg36_b,0.0,0.0,0.0,0.0,0.00038582832,-0.00023960322,0.07593531,0.0,0.00062543154
12986,DNge117,0.0,0.0,0.0,0.0,-5.7371333e-05,-6.86422e-05,0.021354113,0.0,1.1270866e-05
12999,DNpe015,0.0,0.0,0.0,0.0,-0.00040897727,-1.5571713e-06,0.09787391,0.0,-0.0004074201
13043,DNpe054,0.0,0.0,0.0,0.0,0.00024342537,-0.00010091066,0.049312457,0.0,0.00034433603
13134,DNpe009,0.0,0.0,0.0,0.0,-0.00092291087,0.00051152706,0.09114362,0.0,-0.0014344379
13148,DNge009,0.0,0.0,0.0,0.0,5.5977143e-06,7.326249e-06,0.0013776643,0.0,-1.7285347e-06
13162,DNge108,0.0,0.0,0.0,0.0,0.0004184842,-0.00033903867,0.0662546,0.0,0.0007575229
13170,DNge108,0.0,0.0,0.0,0.0,0.00064876676,-0.0005061738,0.0597137,0.0,0.0011549406
13185,DNg08,0.0,0.0,0.0,0.0,-9.114854e-06,-9.758398e-06,0.008269001,0.0,6.435439e-07
13205,DNg07,0.0,0.0,0.0,0.0,8.562952e-05,-6.5125525e-05,0.057533585,0.0,0.00015075505
13274,DNge114,0.0,0.0,0.0,0.0,0.0005265847,-0.00014465116,0.025400214,0.0,0.00067123584
13286,DNg02_a,0.0,0.0,0.0,0.0,-0.0014249831,0.0011983365,0.102226466,0.0,-0.0026233196
13338,DNge115,0.0,0.0,0.0,0.0,-6.9569796e-06,-7.238984e-05,0.02386168,0.0,6.543286e-05
13349,DNg18_b,0.0,0.0,0.0,0.0,4.2401254e-05,4.2021275e-06,0.04110924,0.0,3.8199127e-05
13362,DNge024,0.0,0.0,0.0,0.0,3.5215635e-07,1.7606071e-06,0.0002068633,0.0,-1.4084508e-06
13413,DNge009,0.0,0.0,0.0,0.0,-5.1739626e-06,-2.0507723e-06,0.0024759904,0.0,-3.1231903e-06
13435,DNpe015,0.0,0.0,0.0,0.0,2.3417175e-05,3.7908554e-05,0.063087136,0.0,-1.4491379e-05
13514,DNpe012_a,0.0,0.0,0.0,0.0,-0.00016003102,5.7391822e-05,0.066679455,0.0,-0.00021742284
13557,DNpe008,0.0,0.0,0.0,0.0,0.0006290823,-0.00031672418,0.037685953,0.0,0.0009458065
13568,DNpe015,0.0,0.0,0.0,0.0,0.0002111867,0.00019481778,0.08881964,0.0,1.6368926e-05
13625,DNg12_f,0.0,0.0,0.0,0.0,4.823014e-07,5.4520206e-07,7.09898e-05,0.0,-6.2900654e-08
13726,DNg36_b,0.0,0.0,0.0,0.0,0.00012769178,-1.8849969e-05,0.050033942,0.0,0.00014654174
13788,DNg05_c,0.0,0.0,0.0,0.0,-0.0006619245,0.00024019927,0.045953088,0.0,-0.00090212375
13847,DNpe008,0.0,0.0,0.0,0.0,0.00044323877,-0.00019186176,0.021955771,0.0,0.0006351005
13866,DNp17,0.0,0.0,0.0,0.0,0.0002556797,-0.00023243576,0.010957312,0.0,0.00048811547
13880,DNp69,-0.00080690713,0.0,-0.0010830394,3.374102e-05,-0.0017875731,0.00044167042,0.053552844,-0.00080690713,-0.0022292435
13908,DNge089,0.0,0.0,0.0,0.0,-0.0001545623,0.00013318658,0.031880066,0.0,-0.00028774887
13998,DNg02_g,0.0,0.0,-0.0004094413,1.816199e-05,-0.00039163232,0.0005046576,0.06576753,0.0,-0.00089628994
14000,DNpe024,0.0,0.0,-0.00028023063,1.3930921e-05,-0.00028266013,0.00022732466,0.045283385,0.0,-0.0005099848
14009,DNge116,0.0,0.0,0.0,0.0,-8.291192e-05,5.2196905e-05,0.026516408,0.0,-0.00013510883
14038,DNg02_b,0.0,0.0,-0.00010692478,-6.739843e-05,0.001625739,-0.0012660027,0.051992483,0.0,0.0028917417
14143,DNge115,0.0,0.0,0.0,0.0,5.2563846e-05,-3.8407743e-05,0.04359284,0.0,9.097159e-05
14178,DNpe014,0.0,0.0,0.0,0.0,-0.00014217943,6.342679e-05,0.04416164,0.0,-0.00020560622
14196,DNg83,0.0,0.0,0.00060429855,0.0,0.00079414994,-3.4227967e-05,0.054105617,0.0,0.0008283779
14202,DNg05_c,0.0,0.0,0.0,0.0,-0.0009010285,0.0006494671,0.05188655,0.0,-0.0015504956
14210,DNge085,0.0,0.0,0.0,0.0,-0.00041704252,0.00020042062,0.047677346,0.0,-0.00061746314
14263,DNp17,0.0,0.0,0.0,0.0,0.0003076829,-0.000244949,0.028959256,0.0,0.0005526319
14265,DNge114,0.0,0.0,0.0,0.0,0.0012231693,-0.0004360713,0.048822492,0.0,0.0016592406
14319,DNge114,0.0,0.0,0.0,0.0,0.000885468,-0.0009215474,0.052533872,0.0,0.0018070154
14377,DNge087,0.0,0.0,0.0,0.0,-0.00031965226,0.00030148774,0.05066429,0.0,-0.00062114
14434,DNpe015,0.0,0.0,0.0,0.0,-5.7257712e-05,0.0001949668,0.08256905,0.0,-0.0002522245
14438,DNge089,0.0,0.0,0.0,0.0,-0.00025951862,0.0002483055,0.033660047,0.0,-0.0005078241
14469,DNpe008,0.0,0.0,0.0,0.0,0.00036429986,-0.00012306869,0.031602457,0.0,0.00048736855
14482,DNge182,0.0,0.0,-1.1431131e-05,0.0,-4.8853457e-05,4.632026e-05,0.045327686,0.0,-9.517372e-05
14503,DNge179,0.0,0.0,0.0,0.0,4.504621e-05,0.00017020851,0.05807451,0.0,-0.0001251623
14509,DNge154,0.0,0.0,0.0,0.0,0.00034724176,-0.00017999485,0.057896867,0.0,0.0005272366
14576,DNg36_b,0.0,0.0,0.0,0.0,0.00022913516,-0.0003156811,0.06296161,0.0,0.00054481626
14602,DNpe015,0.0,0.0,0.0,0.0,-0.00022407621,0.00034852326,0.074327424,0.0,-0.00057259947
14704,DNpe054,0.0,0.0,0.0,0.0,0.00012894347,5.1409006e-06,0.052448742,0.0,0.00012380257
14735,DNg53,0.0,0.0,0.00038920954,0.0,-5.9669837e-06,0.00015142094,0.0069347313,0.0,-0.00015738793
14780,DNge024,0.0,0.0,0.0,0.0,-1.7138664e-06,5.484151e-06,0.00040482997,0.0,-7.1980176e-06
14799,DNp17,0.0,0.0,0.0,0.0,0.00023434497,-0.00018692762,0.019680753,0.0,0.0004212726
14830,DNge009,0.0,0.0,0.0,0.0,4.466623e-06,-1.1977274e-05,0.0036458801,0.0,1.6443897e-05
14853,DNpe015,0.0,0.0,0.0,0.0,0.0014880598,-0.00070519745,0.04729274,0.0,0.0021932572
14901,DNp17,0.0,0.0,0.0,0.0,0.00018183142,-0.00017544627,0.038315423,0.0,0.0003572777
14995,DNpe008,0.0,0.0,0.0,0.0,0.00015827827,-0.00011355057,0.02443854,0.0,0.00027182885
15026,DNg02_a,0.0,0.0,0.0,0.0,-0.00048528612,0.00059551,0.06157054,0.0,-0.0010807961
15062,DNge136,0.0,0.0,-6.289014e-05,-0.00011663048,-8.684024e-05,-8.253753e-05,0.033900328,0.0,-4.3027103e-06
15092,DNg06,0.0,0.0,2.0740792e-05,6.0310125e-05,-0.00071867555,0.0008124262,0.061690778,0.0,-0.0015311018
15128,DNg18_b,0.0,0.0,0.0,0.0,-2.2888184e-05,2.4311244e-05,0.04390443,0.0,-4.7199428e-05
15130,DNge116,0.0,0.0,0.0,0.0,1.1831522e-05,-6.702542e-05,0.039013088,0.0,7.8856945e-05
15180,DNg12_b,0.0,0.0,-2.6004727e-05,0.0,-0.00010582805,0.000482589,0.06268984,0.0,-0.00058841705
15239,DNge078,0.0,0.0,1.2425061e-05,0.0,-8.827075e-06,4.8949383e-05,0.004516987,0.0,-5.777646e-05
15278,DNge085,0.0,0.0,0.0,0.0,-0.00015832484,0.00016464293,0.056377277,0.0,-0.00032296777
15281,DNg05_b,0.0,0.0,0.0,0.0,-0.0012113228,0.00088329613,0.07048714,0.0,-0.002094619
15311,DNpe054,0.0,0.0,0.0,0.0,0.0005398281,-0.00016983971,0.061899953,0.0,0.0007096678
15419,DNg03,0.0,0.0,-0.0005501365,0.0,-0.0007048473,0.00040289015,0.080550306,0.0,-0.0011077374
15444,DNge179,0.0,0.0,0.0,0.0,-0.000228405,7.9900026e-05,0.06972948,0.0,-0.00030830503
15450,DNpe057,0.0,0.0,-6.0286744e-05,7.2978684e-05,-0.0012569018,0.00087245926,0.028236534,0.0,-0.002129361
15467,DNg02_b,0.0,0.0,-7.5668606e-05,0.0,0.0012086779,-3.7647784e-05,0.04957851,0.0,0.0012463257
15476,DNpe008,0.0,0.0,0.0,0.0,0.00018930435,-0.00017109513,0.07041408,0.0,0.00036039948
15496,DNpe008,0.0,0.0,0.0,0.0,0.000111306086,-6.662309e-05,0.012464157,0.0,0.00017792918
15537,DNpe041,0.0,0.0,0.0002469672,-0.0008626962,1.354897e-08,-3.861919e-08,5.6065915e-07,0.0,5.216816e-08
15567,DNge009,0.0,0.0,0.0,0.0,7.4331183e-06,-2.8712675e-06,0.0013602157,0.0,1.0304386e-05
15671,DNge114,0.0,0.0,0.0,0.0,0.0014115386,-0.00056850165,0.057079043,0.0,0.0019800402
15672,DNg12_b,0.0,0.0,-1.0595914e-05,0.0,2.2806227e-05,1.209043e-05,0.013106331,0.0,1.07157975e-05
15839,DNg07,0.0,0.0,0.0,0.0,-2.2232533e-05,2.8982759e-05,0.07447891,0.0,-5.121529e-05
15884,DNge085,0.0,0.0,0.0,0.0,-0.00024726242,8.5130334e-05,0.059755467,0.0,-0.00033239275
15962,DNpe008,0.0,0.0,0.0,0.0,0.00046148896,-0.00025463104,0.08764249,0.0,0.00071612
15975,DNge089,0.0,0.0,0.0,0.0,0.00011418015,7.233024e-05,0.05989825,0.0,4.184991e-05
16063,DNge179,0.0,0.0,0.0,0.0,-0.00032626092,0.00032770634,0.036106847,0.0,-0.00065396726
16075,DNpe008,0.0,0.0,0.0,0.0,9.8320656e-05,-4.050648e-05,0.006903129,0.0,0.00013882713
16083,DNpe029,0.0,0.0,0.0,0.0,-8.97795e-06,-3.5345554e-05,0.049180463,0.0,2.6367605e-05
16087,DNg92_b,0.0,0.0,0.0,0.0,0.00010428205,-0.00039029494,0.02688232,0.0,0.000494577
16113,DNge089,0.0,0.0,0.0,0.0,2.0548701e-05,5.9440732e-05,0.06832224,0.0,-3.889203e-05
16176,DNge126,0.0,0.0,0.0,0.0,-0.0001492016,5.666539e-05,0.0400639,0.0,-0.00020586699
16197,DNge094,0.0,0.0,0.0,0.0,0.00026506186,-0.00010111928,0.09569158,0.0,0.00036618114
16223,DNge071,0.0,0.0,0.0,0.0,3.5129488e-05,-4.7169626e-05,0.03541191,0.0,8.229911e-05
16267,DNg03,0.0,0.0,0.00013581543,0.0,0.00071029365,0.000805676,0.054577544,0.0,-9.538233e-05
16280,DNg36_b,0.0,0.0,0.0,0.0,0.00084044784,-0.00035078079,0.0798435,0.0,0.0011912286
16392,DNpe057,0.0,0.0,0.0,0.0,-0.0016763471,0.0011440143,0.056879148,0.0,-0.0028203614
16395,DNpe029,0.0,0.0,0.0,0.0,2.6367605e-05,-2.6725233e-05,0.053181857,0.0,5.3092837e-05
16424,DNge126,0.0,0.0,0.0,0.0,-0.00011205673,5.58421e-05,0.0501889,0.0,-0.00016789883
16454,DNg03,0.0,0.0,3.6596568e-05,7.747203e-05,-5.529076e-05,0.0009460598,0.061903685,0.0,-0.0010013506
16472,DNpe008,0.0,0.0,0.0,0.0,0.0002935119,-0.0002182275,0.018038306,0.0,0.0005117394
16502,DNge020,0.0,0.0,0.0,0.0,6.169081e-05,3.5781413e-05,0.009782525,0.0,2.5909394e-05
16517,DNge085,0.0,0.0,0.0,0.0,-0.00028282404,0.0002225712,0.05123207,0.0,-0.00050539523
16549,DNge119,0.0,0.0,-0.0002429594,0.0,-0.00061647594,0.00024775788,0.020490363,0.0,-0.0008642338
16605,DNg03,0.0,0.0,0.000120469645,0.0,0.00067391247,0.00025766343,0.041358016,0.0,0.00041624904
16644,DNpe008,0.0,0.0,0.0,0.0,0.0008053556,-0.00021119416,0.07013591,0.0,0.0010165498
16676,DNge024,0.0,0.0,0.0,0.0,2.1982123e-07,8.134375e-07,0.00011627945,0.0,-5.936163e-07
16710,DNg79,0.0,0.0,-4.036042e-05,0.0,0.00013531,-6.968528e-05,0.057546496,0.0,0.00020499527
16743,DNg03,0.0,0.0,0.00059954624,0.0,0.0018495023,0.0009545237,0.090172485,0.0,0.00089497864
16770,DNg18_b,0.0,0.0,0.0,0.0,5.5000186e-05,-3.6276877e-05,0.042449094,0.0,9.127706e-05
16791,DNge102,0.0,0.0,-1.4506113e-05,0.0,-8.047372e-05,5.2265823e-05,0.048605546,0.0,-0.00013273954
16798,DNge094,0.0,0.0,0.0,0.0,-0.00029163063,-0.00027219206,0.05776193,0.0,-1.9438565e-05
16799,DNg12_b,0.0,0.0,0.0,0.0,2.3514032e-05,0.00016412139,0.019383531,0.0,-0.00014060736
16832,DNpe008,0.0,0.0,0.0,0.0,0.00018572807,-4.787743e-05,0.05368772,0.0,0.0002336055
16836,DNge094,0.0,0.0,0.0,-2.3056546e-06,0.00030605495,-0.0002815947,0.094963744,0.0,0.00058764964
16879,DNpe008,0.0,0.0,0.0,0.0,0.00026242435,-0.00010740757,0.12477721,0.0,0.00036983192
16891,DNge089,0.0,0.0,0.0,0.0,9.926781e-05,3.9123e-05,0.050823927,0.0,6.0144812e-05
17025,DNge085,0.0,0.0,0.0,0.0,-0.00021763146,0.00011108816,0.067752734,0.0,-0.00032871962
17035,DNge094,0.0,0.0,0.0,0.0,0.00014765933,-7.8737736e-05,0.0581112,0.0,0.00022639707
17159,DNpe008,0.0,0.0,0.0,0.0,0.00026290957,-0.00019373186,0.008652968,0.0,0.00045664143
17250,DNpe008,0.0,0.0,0.0,0.0,0.0006073266,-0.00035141408,0.07413083,0.0,0.0009587407
17257,DNge085,0.0,0.0,0.0,0.0,-0.00022491068,0.00021051615,0.033122092,0.0,-0.00043542683
17264,DNge176,0.0,0.0,0.0,0.0,-9.351969e-05,0.00012530386,0.04702141,0.0,-0.00021882355
17280,DNpe054,0.0,0.0,0.0,0.0,0.00029107928,8.688867e-05,0.093297124,0.0,0.00020419061
17302,DNge108,0.0,0.0,0.0,0.0,0.00014504418,-0.00021737069,0.057427637,0.0,0.00036241487
17317,DNpe008,0.0,0.0,0.0,0.0,0.00050901994,-0.0004937127,0.059568435,0.0,0.0010027327
17336,DNg110,0.0,0.0,0.0,0.0,-0.0013913214,0.0008050874,0.055505037,0.0,-0.0021964088
17347,DNge179,0.0,0.0,0.0,0.0,-0.00039036572,0.00036516786,0.0586847,0.0,-0.0007555336
17353,DNpe008,0.0,0.0,0.0,0.0,0.00036922097,4.49121e-05,0.11340909,0.0,0.00032430887
17445,DNg06,0.0,0.0,0.0,0.0,-0.0010489821,0.00076316297,0.06630607,0.0,-0.0018121451
17558,DNpe054,0.0,0.0,0.0,0.0,-7.534772e-05,-6.005168e-05,0.08306703,0.0,-1.5296042e-05
17561,DNge094,0.0,0.0,0.0,0.0,0.0002533421,-0.00010685623,0.086648166,0.0,0.00036019832
17883,DNg10,0.0,0.0,0.0,0.0,5.029328e-05,-3.5963953e-05,0.0057244655,0.0,8.6257234e-05
18154,DNge071,0.0,0.0,0.0,0.0,-0.00014607608,0.000115036964,0.076058045,0.0,-0.00026111305
18207,DNg10,0.0,0.0,0.0,0.0,-8.010864e-05,0.00012688339,0.045399345,0.0,-0.00020699203
18212,DNg10,0.0,0.0,0.0,0.0,0.00021440908,-0.00016083941,0.038497154,0.0,0.0003752485
18263,DNg10,0.0,0.0,0.0,0.0,3.582239e-05,3.9733946e-05,0.04179862,0.0,-3.911555e-06
18266,DNg12_b,0.0,0.0,0.0,0.0,1.4536083e-05,0.0001335293,0.040256374,0.0,-0.00011899322
18309,DNge071,0.0,0.0,0.0,0.0,0.000107795,-7.3969364e-05,0.066443264,0.0,0.00018176436
18321,DNg03,0.0,0.0,5.9093436e-05,0.0,0.0005161315,0.0012730807,0.052455284,0.0,-0.0007569492
18585,DNg92_b,0.0,0.0,0.0,0.0,-0.00023112446,-5.916506e-05,0.0380684,0.0,-0.0001719594
18648,DNg18_b,0.0,0.0,0.0,0.0,-6.0752034e-05,9.0792775e-05,0.05786574,0.0,-0.00015154481
18651,DNg10,0.0,0.0,0.0,0.0,0.00038462132,-0.0002842918,0.04846134,0.0,0.0006689131
18685,DNge020,0.0,0.0,0.0,0.0,9.93181e-05,0.00011079293,0.011702403,0.0,-1.1474825e-05
18764,DNg10,0.0,0.0,0.0,0.0,0.000105805695,-7.3082745e-05,0.057336733,0.0,0.00017888844
18814,DNge024,0.0,0.0,0.0,0.0,2.263696e-06,2.611836e-06,0.00031865243,0.0,-3.4814002e-07
18884,DNg10,0.0,0.0,0.0,0.0,0.00010614842,-6.47977e-05,0.04419601,0.0,0.00017094612
19094,DNg12_b,0.0,0.0,0.0,0.0,2.995506e-05,1.5664846e-05,0.016924266,0.0,1.4290214e-05
19157,DNg12_b,0.0,0.0,0.00020233249,0.0,0.00017701834,0.00012929738,0.014416477,0.0,4.772097e-05
19180,DNg18_a,0.0,0.0,0.0,0.0,0.00041215867,-0.00036577508,0.04717081,0.0,0.00077793375
19188,DNg10,0.0,0.0,0.0,0.0,0.00022919476,-0.00014521182,0.06639086,0.0,0.00037440658
19289,DNpe036,0.0,0.0,0.0,0.0,-0.00057537854,0.000100150704,0.047128573,0.0,-0.00067552924
19541,DNg12_b,0.0,0.0,0.0,0.0,3.380701e-05,-3.734976e-05,0.01211321,0.0,7.115677e-05
19595,DNge071,0.0,0.0,0.0,0.0,-0.00028416142,0.00028423034,0.02838285,0.0,-0.00056839176
19605,DNge071,0.0,0.0,0.0,0.0,-0.00030715764,0.00017663836,0.064742,0.0,-0.000483796
19628,DNp17,0.0,0.0,0.0,0.0,0.00032826513,-0.00010335632,0.025521496,0.0,0.00043162145
19741,DNg10,0.0,0.0,0.0,0.0,6.360561e-05,-9.337813e-05,0.072194494,0.0,0.00015698373
19744,DNg10,0.0,0.0,0.0,0.0,2.0444393e-05,4.0993094e-05,0.01973654,0.0,-2.0548701e-05
19829,DNpe011,0.0,0.0,0.0,0.0,0.00020309538,-0.00057032704,0.038725227,0.0,0.0007734224
19865,DNge009,0.0,0.0,0.0,0.0,3.1315722e-06,-4.4191256e-07,0.0010052833,0.0,3.5734847e-06
19970,DNg03,0.0,0.0,-0.00028368007,0.0,6.310642e-05,0.0009511262,0.063815504,0.0,-0.0008880198
19993,DNge085,0.0,0.0,0.0,0.0,-0.00032956898,0.00019481033,0.039855383,0.0,-0.0005243793
20075,DNge071,0.0,0.0,0.0,0.0,-0.00020198524,0.00012604147,0.056253053,0.0,-0.0003280267
20302,DNge071,0.0,0.0,0.0,0.0,0.00014351308,-9.050965e-05,0.0749933,0.0,0.00023402274
20429,DNg03,0.0,0.0,-0.0005084798,0.0,-0.0002848357,0.00040068477,0.066133924,0.0,-0.00068552047
20480,DNg18_a,0.0,0.0,0.0,0.0,0.00041589886,-0.00023501739,0.038967542,0.0,0.00065091625
20993,DNge020,0.0,0.0,0.0,0.0,-7.041823e-05,0.0001386255,0.0068771103,0.0,-0.00020904373
21255,DNpe008,0.0,0.0,0.0,0.0,0.00052244216,-0.00012210011,0.055109784,0.0,0.0006445423
21356,DNge020,0.0,0.0,0.0,0.0,-4.915148e-05,0.00010189973,0.006090753,0.0,-0.00015105121
21428,DNpe054,0.0,0.0,0.0,0.0,-0.00014352053,7.022172e-06,0.054774802,0.0,-0.0001505427
21511,DNg03,0.0,0.0,0.0,0.0,0.00028806925,0.0007586777,0.051737078,0.0,-0.00047060847
21727,DNg12_e,0.0,0.0,0.0,0.0,-1.7513521e-05,3.882544e-05,0.0023596627,0.0,-5.6338962e-05
21822,DNge045,0.0,0.0,0.0,0.0,-0.0011297502,0.0008850433,0.052080166,0.0,-0.0020147935
21889,DNg01_c,0.0,0.0,-0.00023872074,8.470119e-05,-0.0009494871,0.0003453195,0.058835454,0.0,-0.0012948066
21901,,0.0,0.0,0.0,0.0,-1.1171214e-06,-1.2649689e-06,0.0006596672,0.0,1.4784746e-07
21960,DNpe011,0.0,0.0,0.00055405573,0.0,0.00045509636,-0.0005230531,0.032454766,0.0,0.0009781495
22064,DNpe011,0.0,0.0,4.5370743e-06,0.0,0.00010954589,-0.0003581494,0.04770036,0.0,0.0004676953
22110,DNg03,0.0,0.0,0.00010264377,0.0,0.0009108633,0.00068977475,0.0774551,0.0,0.00022108853
22233,DNg36_b,0.0,0.0,0.0,0.0,0.00023815781,5.2548945e-05,0.055888146,0.0,0.00018560886
22571,DNge020,0.0,0.0,0.0,0.0,3.9570034e-05,7.699244e-05,0.0075400714,0.0,-3.7422404e-05
22845,DNpe015,0.0,0.0,0.0,0.0,0.000164859,-0.00038705766,0.07352794,0.0,0.00055191666
23885,DNg39,0.0,0.0,0.00022921027,0.0,0.00091741234,-2.4683774e-05,0.048619777,0.0,0.0009420961
24123,DNg12_b,0.0,0.0,0.0,0.0,7.882714e-05,0.00023239851,0.05146718,0.0,-0.00015357137
24216,DNd02,0.0,0.0,-0.0001845731,-9.462919e-06,0.00012708455,-0.00027653575,0.060299255,0.0,0.0004036203
24222,DNg10,0.0,0.0,0.0,0.0,0.00014679506,-9.346008e-05,0.028173264,0.0,0.00024025515
24848,DNg47,0.0,0.0,0.0,0.0,-0.0003669113,-0.0010996312,0.08778964,0.0,0.0007327199
25038,DNg18_b,0.0,0.0,0.0,0.0,-8.97795e-06,-2.8386712e-06,0.038007602,0.0,-6.1392784e-06
25242,DNge013,0.0035657687,0.0,0.00021754608,-0.00019832118,0.0012198053,-0.000790108,0.018751834,0.0035657687,0.0020099133
25245,DNg82,0.0,0.0,-0.00018160633,3.6624402e-05,-0.0009466633,0.0005720109,0.05460225,0.0,-0.0015186742
25511,DNpe018,0.0,0.0,-0.00032535443,0.0,0.00019099936,-3.2037497e-06,0.058812767,0.0,0.00019420311
25563,DNg06,0.0,0.0,0.0,0.0,-0.0009097755,0.0009755045,0.08240461,0.0,-0.00188528
26083,DNpe015,0.0,0.0,0.0,0.0,-0.00010299869,3.820285e-06,0.027249461,0.0,-0.000106818974
26156,DNg06,0.0,0.0,0.0,0.0,-0.0007273406,0.0007584542,0.08972785,0.0,-0.0014857948
26510,DNg18_b,0.0,0.0,0.0,0.0,-0.00033855438,0.00025083125,0.068385065,0.0,-0.0005893856
27565,DNpe057,0.0,0.0,0.0,0.0,-0.0012311712,0.0006807819,0.075319834,0.0,-0.0019119531
27799,DNg18_a,0.0,0.0,0.0,0.0,0.00037740916,-0.00023833662,0.047132842,0.0,0.0006157458
27812,DNg05_b,0.0,0.0,-2.2637118e-05,0.0,-0.0014927238,0.00097540766,0.059124023,0.0,-0.0024681315
28306,DNg06,0.0,0.0,0.0,0.0,-0.00057679415,0.0005236119,0.06618722,0.0,-0.001100406
28549,DNge046,0.0,0.0,0.00040186552,-0.00018484281,0.0011961535,-0.0012410209,0.08024752,0.0,0.0024371743
29650,DNp17,0.0,0.0,0.0,0.0,0.00015201326,-9.207893e-05,0.013905297,0.0,0.0002440922
29804,DNge071,0.0,0.0,0.0,0.0,-0.00039759278,0.00036196038,0.03988669,0.0,-0.00075955316
30054,DNge083,0.0,0.0,-0.0020663813,0.0007828631,-0.0023153648,0.001506947,0.07142875,0.0,-0.0038223118
30338,DNg03,0.0,0.0,0.0001151537,-1.753745e-05,0.0006358437,0.00088539347,0.0391771,0.0,-0.00024954975
30520,DNbe002,0.0,0.0,-0.00032508007,2.0143692e-05,0.00019611418,-0.00030763447,0.054637082,0.0,0.00050374866
30532,DNge176,0.0,0.0,0.0,0.0,-0.0009793937,0.00068719685,0.076422945,0.0,-0.0016665906
30708,DNp17,0.0,0.0,0.0,0.0,0.00024673343,-0.0001822263,0.0671134,0.0,0.00042895973
30745,DNpe029,0.0,0.0,0.0,0.0,3.5986304e-06,-4.0456653e-06,0.044848695,0.0,7.644296e-06
30777,DNpe009,0.0,0.0,0.0,0.0,-0.00045500696,0.000363335,0.07072613,0.0,-0.00081834197
30998,DNpe011,0.0,0.0,0.0,-6.406314e-05,0.00044463575,-0.0007353425,0.041244216,0.0,0.0011799783
31242,DNge025,0.0,0.0,0.0,0.0,4.482083e-05,9.1489404e-05,0.015378747,0.0,-4.6668574e-05
32566,DNpe018,0.0,0.0,-0.0003248703,-0.0003229438,0.00010557845,-0.00045900233,0.02063666,0.0,0.0005645808
34033,DNge179,0.0,0.0,0.0,0.0,-7.7947974e-05,5.237758e-06,0.060516223,0.0,-8.318573e-05
35736,DNg65,0.0,0.0,-0.000108033346,-1.7817114e-05,-1.1260909e-08,1.9431354e-08,3.6959627e-06,0.0,-3.0692263e-08
36277,DNg106,0.0,0.0,0.0,0.0,1.7404556e-05,7.733703e-06,0.06456162,0.0,9.670854e-06
36397,DNge117,0.0,0.0,0.0,0.0,3.8802624e-05,-4.954636e-05,0.075978786,0.0,8.8348985e-05
36485,DNpe057,0.0,0.0,0.0,0.0,-0.0005681366,0.00037690997,0.063561335,0.0,-0.00094504654
36567,DNge074,0.0,0.0,3.3216722e-05,0.0,0.00023752451,-0.00015441328,0.055659026,0.0,0.0003919378
37328,"DNp51,DNpe019",0.0,0.0,1.895965e-05,-1.2396694e-05,0.00018570945,-4.7579408e-05,0.04511434,0.0,0.00023328885
37628,DNpe018,0.0,0.0,0.0,0.0,-6.814301e-05,-9.006262e-05,0.07745762,0.0,2.1919608e-05
38012,DNge114,0.0,0.0,0.0,0.0,-0.00052919984,0.0003323406,0.027945787,0.0,-0.00086154044
38033,DNge182,0.0,0.0,-5.198935e-06,0.0,3.2626092e-05,-3.1776726e-06,0.05022973,0.0,3.5803765e-05
38284,DNpe008,0.0,0.0,0.0,0.0,0.0004919097,-8.094311e-05,0.075487256,0.0,0.0005728528
38568,DNg02_e,0.0,0.0,0.0,0.0,0.00041375682,-0.00018393248,0.04960306,0.0,0.0005976893
38621,DNpe029,0.0,0.0,0.0,0.0,4.696101e-05,-6.0789287e-05,0.05710248,0.0,0.0001077503
38986,DNge102,0.0,0.0,-1.435711e-05,0.0,3.7811697e-05,8.046627e-07,0.04818201,0.0,3.7007034e-05
39008,DNge144,0.0,0.0,1.2491717e-05,0.0,0.0006366968,-0.0005518943,0.051675856,0.0,0.0011885911
39109,DNg92_a,0.0,0.0,-7.437142e-06,0.0,-8.101761e-05,-0.00013372302,0.044849657,0.0,5.2705407e-05
39111,DNg60,0.0,0.0,-0.0007934139,3.470386e-05,-0.00254412,0.0002872944,0.11787896,0.0,-0.0028314143
39433,DNg92_a,0.0,0.0,0.0,1.6430775e-05,4.031509e-05,-0.0002098307,0.037895,0.0,0.0002501458
39487,DNge130,0.0,0.0,0.0,0.0,-6.3084066e-05,4.211068e-05,0.047952622,0.0,-0.00010519475
39611,DNg06,0.0,0.0,9.1868256e-05,0.0,-0.00090673566,0.0007492751,0.08367559,0.0,-0.0016560107
39785,DNg06,0.0,0.0,0.0,0.0,-0.0007684082,0.00060242414,0.057652466,0.0,-0.0013708323
40016,DNg06,0.0,0.0,0.0,0.0,-0.00087185204,0.0004734844,0.08411896,0.0,-0.0013453364
40019,DNpe009,0.0,0.0,0.0,0.0,-0.0015024617,0.0010247976,0.091828644,0.0,-0.0025272593
40055,DNg06,0.0,0.0,0.0,0.0,-0.0009044558,0.00082939863,0.08123241,0.0,-0.0017338544
40095,DNge061,0.0,0.0,0.0,0.0,1.6622245e-05,-1.40964985e-05,0.054500096,0.0,3.0718744e-05
40181,DNge145,0.0,0.0,0.0,0.0,-0.00015289709,3.4311786e-05,0.019839022,0.0,-0.00018720888
40229,DNg05_b,0.0,0.0,-4.4564524e-05,0.0,-0.0015713051,0.00097072124,0.036777094,0.0,-0.0025420263
40238,DNg02_c,0.0,0.0,2.2338658e-05,0.0,0.0019772649,-0.0009694621,0.054894626,0.0,0.002946727
40245,DNge179,0.0,0.0,0.0,0.0,-0.0003731232,0.00021841004,0.025989473,0.0,-0.00059153326
40252,DNge009,0.0,0.0,0.0,0.0,3.3738324e-06,3.993395e-06,0.001641516,0.0,-6.1956234e-07
40322,DNge061,0.0,0.0,0.0,0.0,0.0,0.0,0.04890462,0.0,0.0
40361,DNg97,0.0,0.0,9.0831505e-05,0.00028477097,0.0011537746,-0.0006313175,0.03617596,0.0,0.001785092
40408,DNg04,0.0,0.0,-0.0002875144,0.00038452027,-0.0034312308,0.0019922405,0.07615583,0.0,-0.0054234713
40487,DNg09_a,0.0,0.0,0.0,0.0,-0.00018581748,7.943064e-05,0.038471848,0.0,-0.00026524812
40502,DNg07,0.0,0.0,-1.6917504e-05,0.0,-6.723404e-05,-1.0922551e-05,0.06062536,0.0,-5.6311488e-05
40504,DNge071,0.0,0.0,0.0,0.0,-0.00015360117,6.304681e-05,0.033692762,0.0,-0.00021664798
40525,DNg01_d,0.0,0.0,8.952317e-05,3.6831684e-06,-0.002615355,0.0010188073,0.062890396,0.0,-0.0036341622
40574,DNge046,0.0,0.0,0.00031635127,-0.00015709331,0.0007748753,-0.0010728836,0.07087012,0.0,0.0018477589
40606,DNge020,0.0,0.0,0.0,0.0,0.00016166642,5.4374337e-05,0.015823793,0.0,0.000107292086
40673,DNge009,0.0,0.0,0.0,0.0,4.3027103e-07,-4.163012e-06,0.0022190777,0.0,4.593283e-06
40776,DNge050,-0.00029449875,0.0,5.5725654e-05,9.237075e-06,-0.0004202947,0.00033067912,0.050321773,-0.00029449875,-0.0007509738
40795,DNg36_b,0.0,0.0,0.0,0.0,0.00038412958,-0.0005977154,0.063982345,0.0,0.000981845
40806,DNge093,0.0,0.0,0.0,0.0,2.3789704e-05,-2.5391579e-05,0.05307009,0.0,4.9181283e-05
40828,DNpe015,0.0,0.0,0.0,0.0,-0.00034523755,5.6922436e-06,0.07619299,0.0,-0.0003509298
40864,DNg07,0.0,0.0,0.0,0.0,4.9047172e-05,-3.723055e-05,0.051823124,0.0,8.627772e-05
40885,DNg02_b,0.0,0.0,4.1174022e-05,-0.00028030545,0.0014038235,-0.0011669993,0.04579428,0.0,0.0025708228
40938,DNge089,0.0,0.0,0.0,0.0,0.00012136251,4.2155385e-05,0.044223808,0.0,7.920712e-05
40952,DNge173,0.0,0.0,-0.00030333624,-0.0001557871,-0.002013214,0.00038659573,0.07601449,0.0,-0.0023998097
41014,DNg01_a,0.0,0.0,0.00014200795,0.0,-0.00088436157,0.00059227645,0.055617176,0.0,-0.001476638
41206,DNg10,0.0,0.0,0.0,0.0,9.904057e-05,-9.87798e-05,0.042403862,0.0,0.00019782037
41219,DNg02_c,0.0,0.0,0.0,0.0,0.0018770639,-0.0009882506,0.025792222,0.0,0.0028653145
41293,DNg02_c,0.0,0.0,0.0,0.0,0.0010811761,-0.00068597123,0.041598458,0.0,0.0017671473
41361,DNg01_unclear,0.0,0.0,-9.108156e-05,0.00010474378,-0.00082778186,0.00044391304,0.052252486,0.0,-0.0012716949
41381,DNde003,0.0,0.0,-0.0011770424,0.0009945374,-0.0028395206,0.0016774163,0.039788507,0.0,-0.004516937
41441,DNg12_b,0.0,0.0,0.0,0.0,-2.4325214e-05,2.3796223e-05,0.009325848,0.0,-4.8121437e-05
41466,DNg12_a,0.0,0.0,0.0,0.0,0.00022685528,0.00022206455,0.036987923,0.0,4.7907233e-06
41596,DNge094,0.0,0.0,0.0,0.0,-0.00017231703,-7.520616e-05,0.0942819,0.0,-9.711087e-05
41789,DNpe048,0.0,0.0,0.000320416,-5.813709e-05,-0.0008336082,0.0014913976,0.056987338,0.0,-0.0023250058
41818,DNg08,0.0,0.0,0.0,0.0,-0.0003060028,0.00018587708,0.048073776,0.0,-0.0004918799
42018,DNg12_b,0.0,0.0,0.0,0.0,0.00015864149,-3.263913e-05,0.010934772,0.0,0.00019128062
42067,DNp42,-0.015901256,0.0,-0.00020178058,0.0004815794,-0.0060170293,0.0011478662,0.23100701,-0.015901256,-0.0071648955
42175,DNg13,0.005264788,0.0,0.00032122945,4.5522844e-05,0.0028714538,-0.001071021,0.20630863,0.005264788,0.0039424747
42184,DNpe009,0.0,0.0,0.0,1.7315808e-05,-0.00026921928,0.00030070543,0.077891186,0.0,-0.0005699247
42191,DNge061,0.0,0.0,0.0,0.0,-5.2616e-05,-9.6693635e-05,0.05373721,0.0,4.4077635e-05
42196,DNae001,0.0,0.0,-0.0013373208,0.0008643952,-0.0026678927,0.0016621836,0.055473324,0.0,-0.0043300763
42253,DNc01,0.0,0.0,4.7819067e-05,-0.00011644169,-0.00028035417,5.4437667e-05,0.01952979,0.0,-0.00033479184
42330,DNge172,0.0,0.0,0.0,0.0,0.00027186424,8.109957e-05,0.060590558,0.0,0.00019076467
42398,DNge055,0.0,0.0,-2.1774174e-06,0.0,-5.7817437e-05,0.00014892127,0.00731719,0.0,-0.00020673871
42431,DNge016,0.0,0.0,0.00010065571,0.0,9.063631e-05,-2.4348497e-05,0.0347389,0.0,0.00011498481
42444,DNge105,0.0,0.0,0.00037413734,0.0,0.0005002618,-0.0005194396,0.07855071,0.0,0.0010197014
42487,DNge117,0.0,0.0,0.0,0.0,1.2367964e-06,-2.8297305e-05,0.05178737,0.0,2.9534101e-05
42521,DNd05,0.0,0.0,-0.00050523464,-4.741353e-06,-0.00040061772,-0.00018397719,0.055985123,0.0,-0.00021664053
42539,DNg15,0.0,0.0,7.8000194e-05,-2.543008e-06,-6.839633e-06,-1.3366342e-05,0.04650437,0.0,6.5267086e-06
42542,DNge086,0.0,0.0,0.0,0.0,0.00013800897,-6.37155e-05,0.022780364,0.0,0.00020172447
42543,DNge046,0.0,0.0,0.00058106583,-0.0002816345,0.0012218282,-0.0012248158,0.05759356,0.0,0.002446644
42548,DNp44,0.0,0.0,-0.0006571363,0.0,-0.00018239766,0.00012979656,0.033417992,0.0,-0.00031219423
42620,DNb03,0.0,0.0,0.0,0.0,0.0001757443,-0.00041246414,0.044570692,0.0,0.00058820844
42732,DNpe039,0.0,0.0,-0.0004102132,-4.516069e-05,-0.0013861954,0.00059345365,0.06694713,0.0,-0.001979649
42768,DNa09,0.0,0.0,-2.2238675e-05,-2.698314e-05,0.0016088858,-0.001101762,0.050987393,0.0,0.0027106479
42785,DNg01_d,0.0,0.0,-6.741302e-06,1.1460573e-05,-0.0006621815,0.00021670759,0.037615865,0.0,-0.0008788891
42818,DNge003,0.0,0.0,0.0,0.0,-0.00060142577,1.5318394e-05,0.12338284,0.0,-0.00061674416
42853,DNg04,0.0,0.0,-0.00027929095,0.00036453162,-0.0035273284,0.0028361306,0.077548645,0.0,-0.006363459
42856,DNg106,0.0,0.0,0.0,0.0,-7.95722e-06,2.4780631e-05,0.042904593,0.0,-3.273785e-05
42894,DNge032,0.0,0.0,-0.00036240162,0.0,-5.2005053e-06,-2.0131469e-05,0.06481667,0.0,1.49309635e-05
42927,DNg61,0.0,0.0,8.3168066e-05,0.0,0.00013235211,0.00010919571,0.07741986,0.0,2.3156404e-05
42977,DNg106,0.0,0.0,0.0,0.0,-5.6359917e-05,3.9789826e-05,0.020667847,0.0,-9.614974e-05
42980,DNg49,0.0,0.0,-1.355938e-05,1.905228e-05,0.00026881695,6.5639615e-05,0.057491124,0.0,0.00020317733
43136,DNpe027,0.0,0.0,-0.0012579471,0.0018385549,-0.0031445026,0.0030357242,0.055074215,0.0,-0.006180227
43279,DNp26,0.0,0.0,5.3042486e-06,0.0,0.00025499612,-0.00019799173,0.047984235,0.0,0.00045298785
43335,DNg76,0.0,0.0,0.00014599788,-7.393758e-05,-4.068017e-05,-8.980185e-05,0.048669666,0.0,4.9121678e-05
43395,DNg08,0.0,0.0,0.0,0.0,0.00012397021,-7.285923e-05,0.035763375,0.0,0.00019682944
43437,DNa13,-0.004440892,0.0,-0.0048030852,0.004123438,-0.012612775,0.009838089,0.18876995,-0.004440892,-0.022450864
43446,DNg67,0.0,0.0,-1.481358e-06,0.0,-9.5531344e-05,0.00013038516,0.06691104,0.0,-0.0002259165
43580,DNg02_e,0.0,0.0,2.1078684e-05,9.07093e-06,0.0009171665,-0.00018702447,0.07767773,0.0,0.001104191
43584,DNg64,0.0,0.0,-0.00042766225,-5.2068164e-05,-0.004822284,0.0023453534,0.10364178,0.0,-0.0071676373
43598,DNge094,0.0,0.0,0.0,0.0,0.00022752583,-0.000104121864,0.11447582,0.0,0.0003316477
43625,DNde007,0.0,0.0,0.00025289212,-0.00072926556,0.0014195666,0.0007095821,0.028664086,0.0,0.00070998445
43635,DNg81,0.0,0.0,-7.467648e-05,0.0,-0.00018790364,4.480779e-05,0.050795086,0.0,-0.00023271143
43644,DNge071,0.0,0.0,0.0,0.0,7.5630844e-05,3.5189092e-05,0.04822752,0.0,4.044175e-05
43804,DNg23,0.0,0.0,0.0,0.0,-0.00013969839,2.8252602e-05,0.05463309,0.0,-0.00016795099
43847,DNge030,0.0,0.0,-0.0014556762,0.0009786026,-0.0043804646,0.002560556,0.08689077,0.0,-0.0069410205
43865,DNg77,0.0,0.0,-1.4371251e-05,8.304912e-06,0.00046052784,0.00036638975,0.06188479,0.0,9.4138086e-05
43922,DNp08,0.0,0.0,-0.0033112282,-5.054819e-05,-0.0025412664,5.8069825e-05,0.042504907,0.0,-0.0025993362
43939,DNpe007,0.0,0.0,-2.1308522e-05,0.0,-3.282352e-11,3.2223113e-11,9.956672e-09,0.0,-6.5046635e-11
43998,DNg85,0.0,0.0,4.9079703e-05,1.0115468e-05,-9.535253e-05,8.5145235e-05,0.049941935,0.0,-0.00018049777
44147,DNp17,0.0,0.0,0.0,0.0,-0.000117599964,0.00010116398,0.072459325,0.0,-0.00021876395
44149,DNae005,0.0,0.0,-0.00029182644,0.0003945416,-0.0017438233,-9.462237e-05,0.06700146,0.0,-0.0016492009
44169,DNp28,0.0,0.0,0.0,0.0,2.4721026e-05,4.10527e-06,0.05533722,0.0,2.0615757e-05
44196,DNge120,0.0,0.0,-0.0002817073,0.0,-0.00033268332,0.00011373311,0.055832498,0.0,-0.00044641644
44223,DNg04,0.0,0.0,-0.00024054477,0.00033545258,-0.0028672665,0.001719743,0.06501083,0.0,-0.0045870095
44227,DNp34,0.0,0.0,-6.660087e-05,-3.0226476e-05,0.00083501637,-0.0005822331,0.052237228,0.0,0.0014172494
44247,DNa16,0.0,0.0,-0.0001663285,0.00025164164,-0.0015647709,0.00092214346,0.072672665,0.0,-0.0024869144
44264,DNg24,0.0,0.0,-2.4666255e-05,0.0,2.9340386e-05,-6.4112246e-05,0.0479085,0.0,9.345263e-05
44280,DNg82,0.0,0.0,-0.00013961937,9.064475e-05,-0.0010213181,0.00076607615,0.049048446,0.0,-0.0017873943
44294,DNa03,-0.007754944,0.008918185,-0.00625672,0.0017934629,-0.014844447,0.0096850395,0.18656003,-0.016673129,-0.024529487
44327,DNbe002,0.0,0.0,-0.0003820266,0.0,0.0004010871,-0.0003433004,0.05754044,0.0,0.0007443875
44338,DNp71,-0.0016572755,0.0,-0.00010664038,3.0126968e-05,-0.0008799955,0.0003784299,0.04767055,-0.0016572755,-0.0012584254
44340,DNge119,0.0,0.0,-0.00025518396,1.2437392e-05,-0.0006504059,0.00050797313,0.048138678,0.0,-0.001158379
44353,DNge062,0.0,0.0,7.795912e-05,0.0,-0.0005334914,-0.00014671683,0.10615751,0.0,-0.00038677454
44371,DNg09_a,0.0,0.0,0.0,0.0,-4.8421323e-05,1.513958e-05,0.040267363,0.0,-6.35609e-05
44382,DNa06,0.0,0.0,-6.186252e-05,0.00014890866,-0.0015500039,0.0008890033,0.075075924,0.0,-0.0024390072
44480,DNge148,0.0,0.0,-0.00046054303,0.0,-0.00070749223,0.0003386438,0.0744358,0.0,-0.001046136
44530,DNg75,0.0,0.0,0.00012533621,-7.777532e-05,-0.00062497705,0.00055198,0.040914793,0.0,-0.001176957
44581,DNpe016,0.0,0.0,2.866898e-05,6.6633555e-05,0.0005584881,-0.00030113384,0.04888384,0.0,0.0008596219
44624,DNp46,0.0,0.0,0.00059332664,-0.00013993833,0.0027542934,-0.001962427,0.03133311,0.0,0.0047167204
44688,DNb04,0.0,0.0,-0.0004073837,0.00027352717,-0.0015607923,0.0012298673,0.08758101,0.0,-0.0027906597
44781,DNae007,0.0,0.0,-0.0021585706,0.0006293781,-0.0036677532,0.0017539822,0.055923123,0.0,-0.0054217353
44786,DNp56,0.0,0.0,-0.0001199146,0.00040472017,-0.0003412515,0.00073616207,0.0696418,0.0,-0.0010774136
44815,DNae002,0.0,0.0,0.00030950032,5.2489054e-06,0.001632575,-0.0007664524,0.049526148,0.0,0.0023990273
44823,DNge130,0.0,0.0,-6.7982896e-06,0.0,-0.00020176172,4.0203333e-05,0.045901544,0.0,-0.00024196506
44833,DNp104,0.0,0.0,-0.00020447833,-2.9026705e-06,-0.00023961067,0.0001796484,0.071475714,0.0,-0.00041925907
44853,DNpe024,0.0,0.0,-0.00025694928,0.0,-0.00040248036,0.00023041666,0.050132416,0.0,-0.000632897
44875,DNge063,0.0,0.0,-0.00032113757,-1.5202328e-05,-0.00084718317,0.00039415434,0.040800452,0.0,-0.0012413375
44945,DNpe023,-0.0036191975,0.0,-0.0049171923,0.0022010729,-0.015452445,0.008064061,0.18427297,-0.0036191975,-0.023516506
45015,DNpe048,0.0,0.0,0.00016918126,-5.680852e-05,-0.00062680244,0.0014808625,0.07366124,0.0,-0.002107665
45065,DNpe037,0.0,0.0,5.398292e-06,0.0,0.0002606511,4.9374998e-05,0.04854896,0.0,0.00021127611
45099,DNp56,0.0,0.0,-0.00021875637,0.00046851154,0.00018125772,0.0006841868,0.06935567,0.0,-0.0005029291
45195,DNp47,0.0,0.0,-0.00021982081,2.5085135e-06,0.00017568097,-0.0005595125,0.059485942,0.0,0.0007351935
45198,DNp53,0.0,0.0,-7.4709974e-06,0.0,0.00045064092,-0.00031770766,0.03165544,0.0,0.0007683486
45233,DNge055,0.0,0.0,0.0,0.0,-3.9906707e-05,0.000121579506,0.0071853483,0.0,-0.00016148621
45245,DNa10,0.0,0.0,7.600518e-05,1.7440309e-06,0.000488244,-0.0008272305,0.04323276,0.0,0.0013154745
45255,DNae008,0.0,0.0,8.3115614e-05,4.3400873e-06,0.00026037544,-0.00010099262,0.03573659,0.0,0.00036136806
45268,DNg09_a,0.0,0.0,0.0,0.0,-0.00012440234,5.571544e-05,0.043101974,0.0,-0.00018011779
45351,DNge051,0.0,0.0,-5.2163166e-05,0.0,-0.0005942881,-0.00026890635,0.13549975,0.0,-0.00032538176
45365,DNa02,-0.0033840258,0.00024462838,-0.0010922669,0.0006826238,-0.0026746988,0.00062295794,0.22522485,-0.0036286542,-0.0032976568
45366,DNge001,0.0,0.0,0.0,0.0,-0.00010563061,0.0001578629,0.02966233,0.0,-0.0002634935
45368,DNg52,0.0,0.0,0.00035479982,-0.00015374104,0.00023926795,-0.00031820685,0.031615183,0.0,0.0005574748
45437,pIP10,0.0,0.0,0.0005837562,-0.00063821545,0.003437832,-0.0035768747,0.06775579,0.0,0.0070147067
45439,DNp05,0.0,0.0,-9.0281734e-05,0.0,0.0005101785,-0.00022704154,0.045097433,0.0,0.00073722005
45482,DNge091,0.0,0.0,0.0,0.0,-0.00018981472,0.000101447105,0.036293402,0.0,-0.00029126182
45486,"DNp51,DNpe019",0.0,0.0,3.980443e-05,-3.760911e-06,0.00074145943,-0.00065150484,0.045776717,0.0,0.0013929643
45499,DNge012,0.0,0.0,0.0,0.0,-0.00017600507,9.5933676e-05,0.040139988,0.0,-0.00027193874
45510,DNg14,0.0,0.0,-1.933313e-06,0.0,4.8071146e-05,-0.00059469044,0.071481004,0.0,0.0006427616
45578,DNa06,0.0,0.0,-5.604842e-05,8.363138e-05,-0.0018060803,0.0016325191,0.06561308,0.0,-0.0034385994
45586,DNg65,0.0,0.0,-0.00012330976,0.0,-8.562893e-09,2.9469447e-08,3.9775423e-06,0.0,-3.803234e-08
45597,DNbe001,0.0,0.0,-1.1230173e-05,2.5935412e-06,0.00020085275,-0.00022847205,0.06252438,0.0,0.0004293248
45707,DNp32,0.000113058195,0.0,0.0007905697,-0.0005894557,0.0016280934,-0.0021483526,0.04913138,0.000113058195,0.003776446
45742,DNg02_c,0.0,0.0,1.0284792e-05,0.0,0.0020439848,-0.0012791827,0.060990408,0.0,0.0033231676
45810,DNge128,0.0,0.0,0.00016596795,0.0,0.0003979057,-0.00024974346,0.064944744,0.0,0.00064764917
45821,DNg74_b,0.0,0.0,-3.7535538e-05,0.00011078879,-0.000341814,0.00025984272,0.022081178,0.0,-0.00060165673
45840,DNg52,0.0,0.0,0.0002974982,-0.00014778183,0.0003514737,-0.00027660653,0.050775945,0.0,0.0006280802
45862,DNge091,0.0,0.0,0.0,0.0,-0.00021199137,9.086728e-05,0.052079678,0.0,-0.00030285865
45873,DNa13,-0.002285366,0.0,-0.003990312,0.0027170505,-0.01005286,0.0072274804,0.19676733,-0.002285366,-0.01728034
46199,DNb02,0.0,0.0,9.931952e-05,4.4232715e-05,0.0008893311,-0.0008383393,0.07324551,0.0,0.0017276704
46222,DNp39,0.0,0.0,-0.000101042184,9.564223e-05,0.000781361,-0.00022399798,0.03662816,0.0,0.001005359
46345,DNpe054,0.0,0.0,0.0,0.0,0.0004814379,-8.176267e-05,0.06219052,0.0,0.00056320056
46466,DNge073,0.0,0.0,-8.2024955e-05,6.731805e-06,-5.222857e-06,0.00019842386,0.047901757,0.0,-0.00020364672
46513,DNg12_a,0.0,0.0,0.0,0.0,-0.000247553,0.000365071,0.04060393,0.0,-0.000612624
46578,DNpe022,0.0,0.0,-0.0024927666,0.0008748371,-0.0021485984,0.000840798,0.054979302,0.0,-0.0029893965
46586,DNp04,0.0,0.0,-6.108946e-05,0.0,-0.00021100044,6.5498054e-05,0.056398496,0.0,-0.0002764985
46609,DNp23,0.0,0.0,-0.0002710252,-7.3517126e-06,-0.00055968016,0.00016138703,0.04893695,0.0,-0.0007210672
46710,DNg92_b,0.0,0.0,0.0,1.0863271e-05,8.242205e-05,-0.0003062263,0.024969213,0.0,0.00038864836
47068,DNge014,0.0,0.0,4.5586705e-05,0.0,0.00018617511,-0.00017984211,0.047541402,0.0,0.00036601722
47080,DNp27,0.0,0.0,-0.0003181751,-1.063765e-05,0.00018122047,5.146116e-05,0.050459318,0.0,0.00012975931
47259,DNge004,0.0,0.0,-2.2454517e-05,0.0,0.00043981522,-0.00031680614,0.0361597,0.0,0.00075662136
47330,DNge154,0.0,0.0,0.0,0.0,9.381026e-05,-0.00015168637,0.052918606,0.0,0.00024549663
47514,DNg12_d,0.0,0.0,0.0,0.0,-0.00060881674,0.0005936399,0.03139633,0.0,-0.0012024567
47709,DNg69,0.0,0.0,6.766249e-05,-4.4110407e-06,0.0002784878,-5.558133e-06,0.075451955,0.0,0.00028404593
47817,DNg06,0.0,0.0,0.0,0.0,-0.0011156499,0.00074602664,0.08967911,0.0,-0.0018616766
47877,DNge146,0.0,0.0,0.0,0.0,-8.370122e-05,0.00021252222,0.005710122,0.0,-0.00029622344
47899,DNge079,0.0,0.0,-1.3979038e-05,0.0,2.6933849e-05,-0.00024184585,0.04431179,0.0,0.0002687797
47901,DNae009,0.0,0.0,-7.138597e-05,-1.0180349e-06,0.0005035326,-0.0007379167,0.02674668,0.0,0.0012414493
47907,DNg29,0.0,0.0,2.1575566e-05,0.0,-7.927418e-05,2.8520823e-05,0.046857856,0.0,-0.000107795
47921,DNa13,-0.0052653225,0.0,-0.0056316038,0.0031487674,-0.01285252,0.007883817,0.18825686,-0.0052653225,-0.020736337
47941,DNge172,0.0,0.0,0.00021558708,0.0,0.0003265366,8.769333e-06,0.047406644,0.0,0.00031776726
47952,DNge077,0.0,0.0,-0.00038145072,-0.0003931621,-0.0026316494,0.0003130734,0.0924965,0.0,-0.0029447228
47954,DNpe017,0.0,0.0,-1.1106018e-06,5.9029713e-05,-0.00048486516,0.0006477237,0.06271173,0.0,-0.0011325888
47982,DNp32,0.0007689773,0.0,0.0015375046,-0.00090981246,0.002395399,-0.0020501986,0.04161577,0.0007689773,0.0044455975
47989,DNge104,0.0,0.0,0.00010036225,0.0,0.00025882572,-2.9057264e-05,0.05456929,0.0,0.00028788298
47999,DNge045,0.0,0.0,0.0,0.0,-0.0012780875,0.0010899305,0.08838044,0.0,-0.002368018
48041,DNge111,0.0,0.0,0.0,0.0,-0.00010115653,5.224347e-05,0.05234532,0.0,-0.0001534
48251,DNp19,0.0,0.0,-6.6679277e-06,0.0,0.00011061132,-7.7061355e-05,0.06105431,0.0,0.00018767267
48252,DNge070,0.0,0.0,0.0,0.0,-0.0002978146,0.0003142655,0.07566942,0.0,-0.0006120801
48255,DNpe008,0.0,0.0,0.0,0.0,-2.7276576e-05,-4.194677e-05,0.07214156,0.0,1.4670193e-05
48393,DNg36_a,0.0,0.0,0.0,0.0,2.1491697e-12,-1.4803714e-12,7.267865e-10,0.0,3.6295411e-12
48401,DNpe021,-0.005309128,0.0,-0.00083395094,0.00015064128,-0.0030626953,0.00066185,0.20120698,-0.005309128,-0.0037245452
48413,DNg71,0.0,0.0,-3.8872918e-06,-1.8338242e-05,0.001237452,-0.0010118484,0.048142355,0.0,0.0022493005
48628,DNge079,0.0,0.0,-7.8847486e-05,-9.219505e-06,2.2001565e-05,-0.00026515126,0.04036779,0.0,0.00028715283
48631,DNp12,0.0,0.0,0.00017917358,0.0,0.0004304722,-0.00011841208,0.045376144,0.0,0.0005488843
48632,DNpe002,0.0,0.0,4.545329e-05,-3.8695627e-05,0.0007260293,-0.00024383515,0.051643632,0.0,0.0009698644
48639,DNge088,0.0,0.0,0.0,0.0,0.00029636174,-0.00023165345,0.045648567,0.0,0.0005280152
48640,DNpe032,0.0,0.0,-7.657728e-05,1.4591405e-05,0.00041899085,-0.00018270314,0.074061096,0.0,0.000601694
48644,DNpe016,0.0,0.0,1.3839963e-05,9.437674e-05,0.00025227666,-2.976507e-05,0.051525675,0.0,0.00028204173
48647,DNp57,-0.002690583,0.0,-0.00055084017,8.54877e-05,-0.0015854537,0.0004438907,0.04817169,-0.002690583,-0.0020293444
48668,DNg46,0.0,0.0,0.0,0.0,0.00034546852,-0.00029961392,0.046852916,0.0,0.00064508244
48675,DNge019,0.0,0.0,0.0,0.0,-2.5415793e-06,2.5082147e-05,0.0013549393,0.0,-2.7623726e-05
48680,DNg106,0.0,0.0,0.0,0.0,-5.9604645e-08,2.9802322e-08,0.08254747,0.0,-8.940697e-08
48718,DNg12_f,0.0,0.0,0.0,0.0,-1.7699494e-07,5.5848795e-07,7.567722e-05,0.0,-7.354829e-07
48783,DNge061,0.0,0.0,0.0,0.0,2.9690564e-05,-0.00014536828,0.04804363,0.0,0.00017505884
48784,DNg11,0.0,0.0,0.0,0.0,-2.2247434e-05,3.6910176e-05,0.06609261,0.0,-5.915761e-05
48940,DNpe005,0.0,0.0,-1.4334485e-05,2.4174233e-06,-0.00018697232,-2.156198e-05,0.05555316,0.0,-0.00016541034
48953,DNp64,0.0,0.0,-0.00040416527,-8.714862e-05,-0.00017293543,-0.00018308312,0.0424859,0.0,1.0147691e-05
48956,DNge095,0.0,0.0,0.0,0.0,0.0007722266,-0.0005859621,0.02861762,0.0,0.0013581887
49079,DNge106,0.0,0.0,-3.2675239e-06,0.0,-0.0016792119,0.00062063336,0.14010775,0.0,-0.0022998452
49220,DNpe039,0.0,0.0,-0.0002463818,0.0,-0.0005815774,0.00035490096,0.050722316,0.0,-0.0009364784
